/* AUTO-GENERATED by scripts/gen_assets.py */
#include <yart/types.h>

const u32 icon_FILES_pixels[1024] = {
  0x00000000,0x00000000,0x00000000,0x00000000,0x00000000,0x00000000,0x00000000,0x00000000,0x00000000,0x00000000,0x00000000,0x00000000,
  0x00000000,0x00000000,0x00000000,0x00000000,0x00000000,0x00000000,0x00000000,0x00000000,0x00000000,0x00000000,0x00000000,0x00000000,
  0x00000000,0x00000000,0x00000000,0x00000000,0x00000000,0x00000000,0x00000000,0x00000000,0x00000000,0x00000000,0x00000000,0x00000000,
  0x00000000,0x00000000,0x00000000,0x00000000,0x00000000,0x00000000,0x00000000,0x00000000,0x00000000,0x00000000,0x00000000,0x00000000,
  0x00000000,0x00000000,0x00000000,0x00000000,0x00000000,0x00000000,0x00000000,0x00000000,0x00000000,0x00000000,0x00000000,0x00000000,
  0x00000000,0x00000000,0x00000000,0x00000000,0x00000000,0x00000000,0x00000000,0x00000000,0x00000000,0x00000000,0x00000000,0x00000000,
  0x00000000,0x00000000,0x00000000,0x00000000,0x00000000,0x00000000,0x00000000,0x00000000,0x00000000,0x00000000,0x00000000,0x00000000,
  0x00000000,0x00000000,0x00000000,0x00000000,0x00000000,0x00000000,0x00000000,0x00000000,0x00000000,0x00000000,0x00000000,0x00000000,
  0x00000000,0x00000000,0x00000000,0x00000000,0x00000000,0x00000000,0x00000000,0x00000000,0x00000000,0x00000000,0x00000000,0x00000000,
  0x00000000,0x00000000,0x00000000,0x00000000,0x00000000,0x00000000,0x00000000,0x00000000,0x00000000,0x00000000,0x00000000,0x00000000,
  0x00000000,0x00000000,0x00000000,0x00000000,0x00000000,0x00000000,0x00000000,0x00000000,0x00000000,0x00000000,0x00000000,0x00000000,
  0x00000000,0x00000000,0x00000000,0x00000000,0x00000000,0x00000000,0x00000000,0x00000000,0x00000000,0x00000000,0x00000000,0x00000000,
  0x00000000,0x00000000,0x00000000,0x00000000,0x00000000,0x00000000,0x00000000,0x00000000,0x00000000,0x00000000,0x00000000,0x00000000,
  0x00000000,0x00000000,0x00000000,0x00000000,0x00000000,0x00000000,0x00000000,0x00000000,0x00000000,0x00000000,0x00000000,0x00000000,
  0x00000000,0x00000000,0xFF0A0C10,0xFF0A0C10,0xFF0A0C10,0xFF0A0C10,0xFF0A0C10,0xFF0A0C10,0xFF0A0C10,0xFF0A0C10,0x00000000,0x00000000,
  0x00000000,0x00000000,0x00000000,0x00000000,0x00000000,0x00000000,0x00000000,0x00000000,0x00000000,0x00000000,0x00000000,0x00000000,
  0x00000000,0x00000000,0x00000000,0x00000000,0x00000000,0x00000000,0x00000000,0x00000000,0xFF0A0C10,0xFF0A0C10,0xFFE8A87C,0xFFE8A87C,
  0xFFE8A87C,0xFFE8A87C,0xFFE8A87C,0xFFE8A87C,0xFFE8A87C,0xFF0A0C10,0x00000000,0x00000000,0x00000000,0x00000000,0x00000000,0x00000000,
  0x00000000,0x00000000,0x00000000,0x00000000,0x00000000,0x00000000,0x00000000,0x00000000,0x00000000,0x00000000,0x00000000,0x00000000,
  0x00000000,0x00000000,0xFF0A0C10,0xFF0A0C10,0xFFE8A87C,0xFFE8A87C,0xFFE8A87C,0xFFE8A87C,0xFFE8A87C,0xFFE8A87C,0xFFE8A87C,0xFFE8A87C,
  0xFFE8A87C,0xFF0A0C10,0x00000000,0x00000000,0x00000000,0x00000000,0x00000000,0x00000000,0x00000000,0x00000000,0x00000000,0x00000000,
  0x00000000,0x00000000,0x00000000,0x00000000,0x00000000,0x00000000,0x00000000,0x00000000,0xFF0A0C10,0xFF0A0C10,0xFFE8A87C,0xFFE8A87C,
  0xFFE8A87C,0xFFE8A87C,0xFFE8A87C,0xFFE8A87C,0xFFE8A87C,0xFFE8A87C,0xFFE8A87C,0xFFE8A87C,0xFFE8A87C,0xFF0A0C10,0x00000000,0x00000000,
  0x00000000,0x00000000,0x00000000,0x00000000,0x00000000,0x00000000,0x00000000,0x00000000,0x00000000,0x00000000,0x00000000,0x00000000,
  0x00000000,0x00000000,0x00000000,0xFF0A0C10,0xFF0A0C10,0xFF0A0C10,0xFF0A0C10,0xFF0A0C10,0xFF0A0C10,0xFF0A0C10,0xFF0A0C10,0xFF0A0C10,
  0xFF0A0C10,0xFF0A0C10,0xFF0A0C10,0xFF0A0C10,0xFF0A0C10,0xFF0A0C10,0xFF0A0C10,0xFF0A0C10,0xFF0A0C10,0xFF0A0C10,0xFF0A0C10,0xFF0A0C10,
  0x00000000,0x00000000,0x00000000,0x00000000,0x00000000,0x00000000,0x00000000,0x00000000,0x00000000,0x00000000,0x00000000,0xFF0A0C10,
  0xFFB07A55,0xFFB07A55,0xFFB07A55,0xFFB07A55,0xFFB07A55,0xFFB07A55,0xFFB07A55,0xFFB07A55,0xFFB07A55,0xFFB07A55,0xFFB07A55,0xFFB07A55,
  0xFFB07A55,0xFFB07A55,0xFFB07A55,0xFFB07A55,0xFFB07A55,0xFFB07A55,0xFFB07A55,0xFFB07A55,0xFF0A0C10,0x00000000,0x00000000,0x00000000,
  0x00000000,0x00000000,0x00000000,0x00000000,0x00000000,0x00000000,0x00000000,0xFF0A0C10,0xFFB07A55,0xFFB07A55,0xFFB07A55,0xFFB07A55,
  0xFFB07A55,0xFFB07A55,0xFFB07A55,0xFFB07A55,0xFFB07A55,0xFFB07A55,0xFFB07A55,0xFFB07A55,0xFFB07A55,0xFFB07A55,0xFFB07A55,0xFFB07A55,
  0xFFB07A55,0xFFB07A55,0xFFB07A55,0xFFB07A55,0xFF0A0C10,0x00000000,0x00000000,0x00000000,0x00000000,0x00000000,0x00000000,0x00000000,
  0x00000000,0x00000000,0x00000000,0xFF0A0C10,0xFFB07A55,0xFFB07A55,0xFFB07A55,0xFFB07A55,0xFF0A0C10,0xFF0A0C10,0xFF0A0C10,0xFF0A0C10,
  0xFF0A0C10,0xFF0A0C10,0xFF0A0C10,0xFF0A0C10,0xFF0A0C10,0xFF0A0C10,0xFF0A0C10,0xFF0A0C10,0xFF0A0C10,0xFF0A0C10,0xFF0A0C10,0xFF0A0C10,
  0xFF0A0C10,0xFF0A0C10,0xFF0A0C10,0xFF0A0C10,0x00000000,0x00000000,0x00000000,0x00000000,0x00000000,0x00000000,0x00000000,0xFF0A0C10,
  0xFFB07A55,0xFFB07A55,0xFFB07A55,0xFF0A0C10,0xFFFFD2AA,0xFFFFD2AA,0xFFFFD2AA,0xFFFFD2AA,0xFFFFD2AA,0xFFFFD2AA,0xFFFFD2AA,0xFFFFD2AA,
  0xFFFFD2AA,0xFFFFD2AA,0xFFFFD2AA,0xFFFFD2AA,0xFFFFD2AA,0xFFFFD2AA,0xFFFFD2AA,0xFFFFD2AA,0xFFFFD2AA,0xFFFFD2AA,0xFFFFD2AA,0xFFFFD2AA,
  0xFF0A0C10,0x00000000,0x00000000,0x00000000,0x00000000,0x00000000,0x00000000,0xFF0A0C10,0xFFB07A55,0xFFB07A55,0xFFB07A55,0xFFFFD2AA,
  0xFFFFD2AA,0xFFFFD2AA,0xFFFFD2AA,0xFFFFD2AA,0xFFFFD2AA,0xFFFFD2AA,0xFFFFD2AA,0xFFFFD2AA,0xFFFFD2AA,0xFFFFD2AA,0xFFFFD2AA,0xFFFFD2AA,
  0xFFFFD2AA,0xFFFFD2AA,0xFFFFD2AA,0xFFFFD2AA,0xFFFFD2AA,0xFFFFD2AA,0xFFFFD2AA,0xFFFFD2AA,0xFFFFD2AA,0x00000000,0x00000000,0x00000000,
  0x00000000,0x00000000,0x00000000,0xFF0A0C10,0xFFB07A55,0xFFB07A55,0xFFB07A55,0xFFFFD2AA,0xFFFFD2AA,0xFFFFD2AA,0xFFFFD2AA,0xFFFFD2AA,
  0xFFFFD2AA,0xFFFFD2AA,0xFFFFD2AA,0xFFFFD2AA,0xFFFFD2AA,0xFFFFD2AA,0xFFFFD2AA,0xFFFFD2AA,0xFFFFD2AA,0xFFFFD2AA,0xFFFFD2AA,0xFFFFD2AA,
  0xFFFFD2AA,0xFFFFD2AA,0xFFFFD2AA,0xFFFFD2AA,0xFFFFD2AA,0x00000000,0x00000000,0x00000000,0x00000000,0x00000000,0x00000000,0xFF0A0C10,
  0xFFB07A55,0xFFB07A55,0xFFB07A55,0xFF0A0C10,0xFFFFD2AA,0xFFFFD2AA,0xFFFFD2AA,0xFFFFD2AA,0xFFFFD2AA,0xFFFFD2AA,0xFFFFD2AA,0xFFFFD2AA,
  0xFFFFD2AA,0xFFFFD2AA,0xFFFFD2AA,0xFFFFD2AA,0xFFFFD2AA,0xFFFFD2AA,0xFFFFD2AA,0xFFFFD2AA,0xFFFFD2AA,0xFFFFD2AA,0xFFFFD2AA,0xFFFFD2AA,
  0xFF0A0C10,0x00000000,0x00000000,0x00000000,0x00000000,0x00000000,0x00000000,0xFF0A0C10,0xFFB07A55,0xFFB07A55,0xFFB07A55,0xFF0A0C10,
  0xFFE8A87C,0xFFE8A87C,0xFFE8A87C,0xFFE8A87C,0xFFE8A87C,0xFFE8A87C,0xFFE8A87C,0xFFE8A87C,0xFFE8A87C,0xFFE8A87C,0xFFE8A87C,0xFFE8A87C,
  0xFFE8A87C,0xFFE8A87C,0xFFE8A87C,0xFFE8A87C,0xFFE8A87C,0xFFE8A87C,0xFFE8A87C,0xFFE8A87C,0xFF0A0C10,0x00000000,0x00000000,0x00000000,
  0x00000000,0x00000000,0x00000000,0xFF0A0C10,0xFFB07A55,0xFFB07A55,0xFFB07A55,0xFF0A0C10,0xFFE8A87C,0xFFE8A87C,0xFFE8A87C,0xFFE8A87C,
  0xFFE8A87C,0xFFE8A87C,0xFFE8A87C,0xFFE8A87C,0xFFE8A87C,0xFFE8A87C,0xFFE8A87C,0xFFE8A87C,0xFFE8A87C,0xFFE8A87C,0xFFE8A87C,0xFFE8A87C,
  0xFFE8A87C,0xFFE8A87C,0xFFE8A87C,0xFFE8A87C,0xFF0A0C10,0x00000000,0x00000000,0x00000000,0x00000000,0x00000000,0x00000000,0xFF0A0C10,
  0xFFB07A55,0xFFB07A55,0xFFB07A55,0xFF0A0C10,0xFFE8A87C,0xFFE8A87C,0xFFE8A87C,0xFFE8A87C,0xFFE8A87C,0xFFE8A87C,0xFFE8A87C,0xFFE8A87C,
  0xFFE8A87C,0xFFE8A87C,0xFFE8A87C,0xFFE8A87C,0xFFE8A87C,0xFFE8A87C,0xFFE8A87C,0xFFE8A87C,0xFFE8A87C,0xFFE8A87C,0xFFE8A87C,0xFFE8A87C,
  0xFF0A0C10,0x00000000,0x00000000,0x00000000,0x00000000,0x00000000,0x00000000,0xFF0A0C10,0xFFB07A55,0xFFB07A55,0xFFB07A55,0xFF0A0C10,
  0xFFE8A87C,0xFFE8A87C,0xFFE8A87C,0xFFE8A87C,0xFFE8A87C,0xFFE8A87C,0xFFE8A87C,0xFFE8A87C,0xFFE8A87C,0xFFE8A87C,0xFFE8A87C,0xFFE8A87C,
  0xFFE8A87C,0xFFE8A87C,0xFFE8A87C,0xFFE8A87C,0xFFE8A87C,0xFFE8A87C,0xFFE8A87C,0xFFE8A87C,0xFF0A0C10,0x00000000,0x00000000,0x00000000,
  0x00000000,0x00000000,0x00000000,0xFF0A0C10,0xFFB07A55,0xFFB07A55,0xFFB07A55,0xFF0A0C10,0xFFE8A87C,0xFFE8A87C,0xFFE8A87C,0xFFE8A87C,
  0xFFE8A87C,0xFFE8A87C,0xFFE8A87C,0xFFE8A87C,0xFFE8A87C,0xFFE8A87C,0xFFE8A87C,0xFFE8A87C,0xFFE8A87C,0xFFE8A87C,0xFFE8A87C,0xFFE8A87C,
  0xFFE8A87C,0xFFE8A87C,0xFFE8A87C,0xFFE8A87C,0xFF0A0C10,0x00000000,0x00000000,0x00000000,0x00000000,0x00000000,0x00000000,0xFF0A0C10,
  0xFFB07A55,0xFFB07A55,0xFFB07A55,0xFF0A0C10,0xFFE8A87C,0xFFE8A87C,0xFFE8A87C,0xFFE8A87C,0xFFE8A87C,0xFFE8A87C,0xFFE8A87C,0xFFE8A87C,
  0xFFE8A87C,0xFFE8A87C,0xFFE8A87C,0xFFE8A87C,0xFFE8A87C,0xFFE8A87C,0xFFE8A87C,0xFFE8A87C,0xFFE8A87C,0xFFE8A87C,0xFFE8A87C,0xFFE8A87C,
  0xFF0A0C10,0x00000000,0x00000000,0x00000000,0x00000000,0x00000000,0x00000000,0xFF0A0C10,0xFFB07A55,0xFFB07A55,0xFFB07A55,0xFF0A0C10,
  0xFFE8A87C,0xFFE8A87C,0xFFE8A87C,0xFFE8A87C,0xFFE8A87C,0xFFE8A87C,0xFFE8A87C,0xFFE8A87C,0xFFE8A87C,0xFFE8A87C,0xFFE8A87C,0xFFE8A87C,
  0xFFE8A87C,0xFFE8A87C,0xFFE8A87C,0xFFE8A87C,0xFFE8A87C,0xFFE8A87C,0xFFE8A87C,0xFFE8A87C,0xFF0A0C10,0x00000000,0x00000000,0x00000000,
  0x00000000,0x00000000,0x00000000,0xFF0A0C10,0xFFB07A55,0xFFB07A55,0xFFB07A55,0xFF0A0C10,0xFFE8A87C,0xFFE8A87C,0xFFE8A87C,0xFFE8A87C,
  0xFFE8A87C,0xFFE8A87C,0xFFE8A87C,0xFFE8A87C,0xFFE8A87C,0xFFE8A87C,0xFFE8A87C,0xFFE8A87C,0xFFE8A87C,0xFFE8A87C,0xFFE8A87C,0xFFE8A87C,
  0xFFE8A87C,0xFFE8A87C,0xFFE8A87C,0xFFE8A87C,0xFF0A0C10,0x00000000,0x00000000,0x00000000,0x00000000,0x00000000,0x00000000,0xFF0A0C10,
  0xFFB07A55,0xFFB07A55,0xFFB07A55,0xFF0A0C10,0xFFE8A87C,0xFFE8A87C,0xFFE8A87C,0xFFE8A87C,0xFFE8A87C,0xFFE8A87C,0xFFE8A87C,0xFFE8A87C,
  0xFFE8A87C,0xFFE8A87C,0xFFE8A87C,0xFFE8A87C,0xFFE8A87C,0xFFE8A87C,0xFFE8A87C,0xFFE8A87C,0xFFE8A87C,0xFFE8A87C,0xFFE8A87C,0xFFE8A87C,
  0xFF0A0C10,0x00000000,0x00000000,0x00000000,0x00000000,0x00000000,0x00000000,0xFF0A0C10,0xFFB07A55,0xFFB07A55,0xFFB07A55,0xFF0A0C10,
  0xFFE8A87C,0xFFE8A87C,0xFFE8A87C,0xFFE8A87C,0xFFE8A87C,0xFFE8A87C,0xFFE8A87C,0xFFE8A87C,0xFFE8A87C,0xFFE8A87C,0xFFE8A87C,0xFFE8A87C,
  0xFFE8A87C,0xFFE8A87C,0xFFE8A87C,0xFFE8A87C,0xFFE8A87C,0xFFE8A87C,0xFFE8A87C,0xFFE8A87C,0xFF0A0C10,0x00000000,0x00000000,0x00000000,
  0x00000000,0x00000000,0x00000000,0xFF0A0C10,0xFFB07A55,0xFFB07A55,0xFFB07A55,0xFF0A0C10,0xFFE8A87C,0xFFE8A87C,0xFFE8A87C,0xFFE8A87C,
  0xFFE8A87C,0xFFE8A87C,0xFFE8A87C,0xFFE8A87C,0xFFE8A87C,0xFFE8A87C,0xFFE8A87C,0xFFE8A87C,0xFFE8A87C,0xFFE8A87C,0xFFE8A87C,0xFFE8A87C,
  0xFFE8A87C,0xFFE8A87C,0xFFE8A87C,0xFFE8A87C,0xFF0A0C10,0x00000000,0x00000000,0x00000000,0x00000000,0x00000000,0x00000000,0x00000000,
  0xFF0A0C10,0xFF0A0C10,0xFF0A0C10,0xFF0A0C10,0xFFE8A87C,0xFFE8A87C,0xFFE8A87C,0xFFE8A87C,0xFFE8A87C,0xFFE8A87C,0xFFE8A87C,0xFFE8A87C,
  0xFFE8A87C,0xFFE8A87C,0xFFE8A87C,0xFFE8A87C,0xFFE8A87C,0xFFE8A87C,0xFFE8A87C,0xFFE8A87C,0xFFE8A87C,0xFFE8A87C,0xFFE8A87C,0xFFE8A87C,
  0xFF0A0C10,0x00000000,0x00000000,0x00000000,0x00000000,0x00000000,0x00000000,0x00000000,0x00000000,0x00000000,0x00000000,0x00000000,
  0xFF0A0C10,0xFF0A0C10,0xFF0A0C10,0xFF0A0C10,0xFF0A0C10,0xFF0A0C10,0xFF0A0C10,0xFF0A0C10,0xFF0A0C10,0xFF0A0C10,0xFF0A0C10,0xFF0A0C10,
  0xFF0A0C10,0xFF0A0C10,0xFF0A0C10,0xFF0A0C10,0xFF0A0C10,0xFF0A0C10,0xFF0A0C10,0xFF0A0C10,0x00000000,0x00000000,0x00000000,0x00000000,
  0x00000000,0x00000000,0x00000000,0x00000000,0x00000000,0x00000000,0x00000000,0x00000000,0x00000000,0x00000000,0x00000000,0x00000000,
  0x00000000,0x00000000,0x00000000,0x00000000,0x00000000,0x00000000,0x00000000,0x00000000,0x00000000,0x00000000,0x00000000,0x00000000,
  0x00000000,0x00000000,0x00000000,0x00000000,0x00000000,0x00000000,0x00000000,0x00000000,0x00000000,0x00000000,0x00000000,0x00000000,
  0x00000000,0x00000000,0x00000000,0x00000000,0x00000000,0x00000000,0x00000000,0x00000000,0x00000000,0x00000000,0x00000000,0x00000000,
  0x00000000,0x00000000,0x00000000,0x00000000,0x00000000,0x00000000,0x00000000,0x00000000,0x00000000,0x00000000,0x00000000,0x00000000,
  0x00000000,0x00000000,0x00000000,0x00000000,
};
const int icon_FILES_w = 32;
const int icon_FILES_h = 32;

const u32 icon_TERM_pixels[1024] = {
  0x00000000,0x00000000,0x00000000,0x00000000,0x00000000,0x00000000,0x00000000,0x00000000,0x00000000,0x00000000,0x00000000,0x00000000,
  0x00000000,0x00000000,0x00000000,0x00000000,0x00000000,0x00000000,0x00000000,0x00000000,0x00000000,0x00000000,0x00000000,0x00000000,
  0x00000000,0x00000000,0x00000000,0x00000000,0x00000000,0x00000000,0x00000000,0x00000000,0x00000000,0x00000000,0x00000000,0x00000000,
  0x00000000,0x00000000,0x00000000,0x00000000,0x00000000,0x00000000,0x00000000,0x00000000,0x00000000,0x00000000,0x00000000,0x00000000,
  0x00000000,0x00000000,0x00000000,0x00000000,0x00000000,0x00000000,0x00000000,0x00000000,0x00000000,0x00000000,0x00000000,0x00000000,
  0x00000000,0x00000000,0x00000000,0x00000000,0x00000000,0x00000000,0x00000000,0x00000000,0x00000000,0x00000000,0x00000000,0x00000000,
  0x00000000,0x00000000,0x00000000,0x00000000,0x00000000,0x00000000,0x00000000,0x00000000,0x00000000,0x00000000,0x00000000,0x00000000,
  0x00000000,0x00000000,0x00000000,0x00000000,0x00000000,0x00000000,0x00000000,0x00000000,0x00000000,0x00000000,0x00000000,0x00000000,
  0x00000000,0x00000000,0x00000000,0x00000000,0x00000000,0x00000000,0x00000000,0x00000000,0x00000000,0x00000000,0x00000000,0x00000000,
  0x00000000,0x00000000,0x00000000,0x00000000,0x00000000,0x00000000,0x00000000,0x00000000,0x00000000,0x00000000,0x00000000,0x00000000,
  0x00000000,0x00000000,0x00000000,0x00000000,0x00000000,0x00000000,0x00000000,0x00000000,0x00000000,0x00000000,0x00000000,0x00000000,
  0x00000000,0x00000000,0x00000000,0x00000000,0x00000000,0x00000000,0x00000000,0x00000000,0x00000000,0x00000000,0x00000000,0x00000000,
  0x00000000,0x00000000,0x00000000,0x00000000,0x00000000,0x00000000,0x00000000,0x00000000,0x00000000,0x00000000,0x00000000,0x00000000,
  0x00000000,0x00000000,0x00000000,0x00000000,0x00000000,0x00000000,0x00000000,0x00000000,0xFF272D37,0xFF272D37,0xFF272D37,0xFF272D37,
  0xFF272D37,0xFF272D37,0xFF272D37,0xFF272D37,0xFF272D37,0xFF272D37,0xFF272D37,0xFF272D37,0xFF272D37,0xFF272D37,0xFF272D37,0xFF272D37,
  0xFF272D37,0xFF272D37,0xFF272D37,0xFF272D37,0xFF272D37,0xFF272D37,0xFF272D37,0xFF272D37,0x00000000,0x00000000,0x00000000,0x00000000,
  0x00000000,0x00000000,0x00000000,0xFF272D37,0xFF272D37,0xFF272D37,0xFF272D37,0xFFCC7777,0xFF272D37,0xFF272D37,0xFF272D37,0xFFE0C088,
  0xFF272D37,0xFF272D37,0xFF272D37,0xFF8FBC8F,0xFF272D37,0xFF272D37,0xFF272D37,0xFF272D37,0xFF272D37,0xFF272D37,0xFF272D37,0xFF272D37,
  0xFF272D37,0xFF272D37,0xFF272D37,0xFF272D37,0xFF272D37,0x00000000,0x00000000,0x00000000,0x00000000,0x00000000,0x00000000,0xFF272D37,
  0xFF272D37,0xFF272D37,0xFFCC7777,0xFFCC7777,0xFFCC7777,0xFF272D37,0xFFE0C088,0xFFE0C088,0xFFE0C088,0xFF272D37,0xFF8FBC8F,0xFF8FBC8F,
  0xFF8FBC8F,0xFF272D37,0xFF272D37,0xFF272D37,0xFF272D37,0xFF272D37,0xFF272D37,0xFF272D37,0xFF272D37,0xFF272D37,0xFF272D37,0xFF272D37,
  0xFF272D37,0x00000000,0x00000000,0x00000000,0x00000000,0x00000000,0x00000000,0xFF272D37,0xFF272D37,0xFF272D37,0xFF272D37,0xFFCC7777,
  0xFF272D37,0xFF272D37,0xFF272D37,0xFFE0C088,0xFF272D37,0xFF272D37,0xFF272D37,0xFF8FBC8F,0xFF272D37,0xFF272D37,0xFF272D37,0xFF272D37,
  0xFF272D37,0xFF272D37,0xFF272D37,0xFF272D37,0xFF272D37,0xFF272D37,0xFF272D37,0xFF272D37,0xFF272D37,0x00000000,0x00000000,0x00000000,
  0x00000000,0x00000000,0x00000000,0xFF272D37,0xFF272D37,0xFF272D37,0xFF272D37,0xFF272D37,0xFF272D37,0xFF272D37,0xFF272D37,0xFF272D37,
  0xFF272D37,0xFF272D37,0xFF272D37,0xFF272D37,0xFF272D37,0xFF272D37,0xFF272D37,0xFF272D37,0xFF272D37,0xFF272D37,0xFF272D37,0xFF272D37,
  0xFF272D37,0xFF272D37,0xFF272D37,0xFF272D37,0xFF272D37,0x00000000,0x00000000,0x00000000,0x00000000,0x00000000,0x00000000,0xFF272D37,
  0xFF0A0C10,0xFF0A0C10,0xFF0A0C10,0xFF0A0C10,0xFF0A0C10,0xFF0A0C10,0xFF0A0C10,0xFF0A0C10,0xFF0A0C10,0xFF0A0C10,0xFF0A0C10,0xFF0A0C10,
  0xFF0A0C10,0xFF0A0C10,0xFF0A0C10,0xFF0A0C10,0xFF0A0C10,0xFF0A0C10,0xFF0A0C10,0xFF0A0C10,0xFF0A0C10,0xFF0A0C10,0xFF0A0C10,0xFF0A0C10,
  0xFF272D37,0x00000000,0x00000000,0x00000000,0x00000000,0x00000000,0x00000000,0xFF272D37,0xFF0A0C10,0xFF0A0C10,0xFF0A0C10,0xFF0A0C10,
  0xFF0A0C10,0xFF0A0C10,0xFF0A0C10,0xFF0A0C10,0xFF0A0C10,0xFF0A0C10,0xFF0A0C10,0xFF0A0C10,0xFF0A0C10,0xFF0A0C10,0xFF0A0C10,0xFF0A0C10,
  0xFF0A0C10,0xFF0A0C10,0xFF0A0C10,0xFF0A0C10,0xFF0A0C10,0xFF0A0C10,0xFF0A0C10,0xFF0A0C10,0xFF272D37,0x00000000,0x00000000,0x00000000,
  0x00000000,0x00000000,0x00000000,0xFF272D37,0xFF0A0C10,0xFF0A0C10,0xFF0A0C10,0xFF0A0C10,0xFF0A0C10,0xFF0A0C10,0xFF0A0C10,0xFF0A0C10,
  0xFF0A0C10,0xFF0A0C10,0xFF0A0C10,0xFF0A0C10,0xFF0A0C10,0xFF0A0C10,0xFF0A0C10,0xFF0A0C10,0xFF0A0C10,0xFF0A0C10,0xFF0A0C10,0xFF0A0C10,
  0xFF0A0C10,0xFF0A0C10,0xFF0A0C10,0xFF0A0C10,0xFF272D37,0x00000000,0x00000000,0x00000000,0x00000000,0x00000000,0x00000000,0xFF272D37,
  0xFF0A0C10,0xFF0A0C10,0xFF0A0C10,0xFF0A0C10,0xFF0A0C10,0xFF0A0C10,0xFF0A0C10,0xFF0A0C10,0xFF0A0C10,0xFF0A0C10,0xFF0A0C10,0xFF0A0C10,
  0xFF0A0C10,0xFF0A0C10,0xFF0A0C10,0xFF0A0C10,0xFF0A0C10,0xFF0A0C10,0xFF0A0C10,0xFF0A0C10,0xFF0A0C10,0xFF0A0C10,0xFF0A0C10,0xFF0A0C10,
  0xFF272D37,0x00000000,0x00000000,0x00000000,0x00000000,0x00000000,0x00000000,0xFF272D37,0xFF0A0C10,0xFF0A0C10,0xFF0A0C10,0xFF0A0C10,
  0xFFE8A87C,0xFF0A0C10,0xFF0A0C10,0xFF0A0C10,0xFF0A0C10,0xFF0A0C10,0xFF0A0C10,0xFF0A0C10,0xFF0A0C10,0xFF0A0C10,0xFF0A0C10,0xFF0A0C10,
  0xFF0A0C10,0xFF0A0C10,0xFF0A0C10,0xFF0A0C10,0xFF0A0C10,0xFF0A0C10,0xFF0A0C10,0xFF0A0C10,0xFF272D37,0x00000000,0x00000000,0x00000000,
  0x00000000,0x00000000,0x00000000,0xFF272D37,0xFF0A0C10,0xFF0A0C10,0xFF0A0C10,0xFFE8A87C,0xFFE8A87C,0xFFE8A87C,0xFF0A0C10,0xFF0A0C10,
  0xFF0A0C10,0xFF0A0C10,0xFF0A0C10,0xFF0A0C10,0xFF0A0C10,0xFF0A0C10,0xFF0A0C10,0xFF0A0C10,0xFF0A0C10,0xFF0A0C10,0xFF0A0C10,0xFF0A0C10,
  0xFF0A0C10,0xFF0A0C10,0xFF0A0C10,0xFF0A0C10,0xFF272D37,0x00000000,0x00000000,0x00000000,0x00000000,0x00000000,0x00000000,0xFF272D37,
  0xFF0A0C10,0xFF0A0C10,0xFF0A0C10,0xFF0A0C10,0xFFE8A87C,0xFFE8A87C,0xFFE8A87C,0xFFE8A87C,0xFF0A0C10,0xFF0A0C10,0xFF0A0C10,0xFF0A0C10,
  0xFF0A0C10,0xFF0A0C10,0xFF0A0C10,0xFF0A0C10,0xFF0A0C10,0xFF0A0C10,0xFF0A0C10,0xFF0A0C10,0xFF0A0C10,0xFF0A0C10,0xFF0A0C10,0xFF0A0C10,
  0xFF272D37,0x00000000,0x00000000,0x00000000,0x00000000,0x00000000,0x00000000,0xFF272D37,0xFF0A0C10,0xFF0A0C10,0xFF0A0C10,0xFF0A0C10,
  0xFF0A0C10,0xFF0A0C10,0xFFE8A87C,0xFFE8A87C,0xFFE8A87C,0xFF0A0C10,0xFF0A0C10,0xFF0A0C10,0xFF0A0C10,0xFF0A0C10,0xFF0A0C10,0xFF0A0C10,
  0xFF0A0C10,0xFF0A0C10,0xFF0A0C10,0xFF0A0C10,0xFF0A0C10,0xFF0A0C10,0xFF0A0C10,0xFF0A0C10,0xFF272D37,0x00000000,0x00000000,0x00000000,
  0x00000000,0x00000000,0x00000000,0xFF272D37,0xFF0A0C10,0xFF0A0C10,0xFF0A0C10,0xFF0A0C10,0xFF0A0C10,0xFFE8A87C,0xFFE8A87C,0xFFE8A87C,
  0xFF0A0C10,0xFF0A0C10,0xFF0A0C10,0xFF0A0C10,0xFF0A0C10,0xFF0A0C10,0xFF0A0C10,0xFF0A0C10,0xFF0A0C10,0xFF0A0C10,0xFF0A0C10,0xFF0A0C10,
  0xFF0A0C10,0xFF0A0C10,0xFF0A0C10,0xFF0A0C10,0xFF272D37,0x00000000,0x00000000,0x00000000,0x00000000,0x00000000,0x00000000,0xFF272D37,
  0xFF0A0C10,0xFF0A0C10,0xFF0A0C10,0xFFE8A87C,0xFFE8A87C,0xFFE8A87C,0xFFE8A87C,0xFF0A0C10,0xFF0A0C10,0xFF0A0C10,0xFF0A0C10,0xFF0A0C10,
  0xFF0A0C10,0xFF0A0C10,0xFF0A0C10,0xFF0A0C10,0xFF0A0C10,0xFF0A0C10,0xFF0A0C10,0xFF0A0C10,0xFF0A0C10,0xFF0A0C10,0xFF0A0C10,0xFF0A0C10,
  0xFF272D37,0x00000000,0x00000000,0x00000000,0x00000000,0x00000000,0x00000000,0xFF272D37,0xFF0A0C10,0xFF0A0C10,0xFFE8A87C,0xFFE8A87C,
  0xFFE8A87C,0xFF0A0C10,0xFF0A0C10,0xFF0A0C10,0xFF0A0C10,0xFF0A0C10,0xFF0A0C10,0xFF0A0C10,0xFF0A0C10,0xFF0A0C10,0xFF0A0C10,0xFF0A0C10,
  0xFF0A0C10,0xFF0A0C10,0xFF0A0C10,0xFF0A0C10,0xFF0A0C10,0xFF0A0C10,0xFF0A0C10,0xFF0A0C10,0xFF272D37,0x00000000,0x00000000,0x00000000,
  0x00000000,0x00000000,0x00000000,0xFF272D37,0xFF0A0C10,0xFF0A0C10,0xFF0A0C10,0xFFE8A87C,0xFF0A0C10,0xFF0A0C10,0xFF0A0C10,0xFF0A0C10,
  0xFF0A0C10,0xFFE8A87C,0xFFE8A87C,0xFFE8A87C,0xFFE8A87C,0xFFE8A87C,0xFFE8A87C,0xFFE8A87C,0xFFE8A87C,0xFFE8A87C,0xFF0A0C10,0xFF0A0C10,
  0xFF0A0C10,0xFF0A0C10,0xFF0A0C10,0xFF0A0C10,0xFF272D37,0x00000000,0x00000000,0x00000000,0x00000000,0x00000000,0x00000000,0xFF272D37,
  0xFF0A0C10,0xFF0A0C10,0xFF0A0C10,0xFF0A0C10,0xFF0A0C10,0xFF0A0C10,0xFF0A0C10,0xFF0A0C10,0xFF0A0C10,0xFFE8A87C,0xFFE8A87C,0xFFE8A87C,
  0xFFE8A87C,0xFFE8A87C,0xFFE8A87C,0xFFE8A87C,0xFFE8A87C,0xFFE8A87C,0xFF0A0C10,0xFF0A0C10,0xFF0A0C10,0xFF0A0C10,0xFF0A0C10,0xFF0A0C10,
  0xFF272D37,0x00000000,0x00000000,0x00000000,0x00000000,0x00000000,0x00000000,0xFF272D37,0xFF0A0C10,0xFF0A0C10,0xFF0A0C10,0xFF0A0C10,
  0xFF0A0C10,0xFF0A0C10,0xFF0A0C10,0xFF0A0C10,0xFF0A0C10,0xFF0A0C10,0xFF0A0C10,0xFF0A0C10,0xFF0A0C10,0xFF0A0C10,0xFF0A0C10,0xFF0A0C10,
  0xFF0A0C10,0xFF0A0C10,0xFF0A0C10,0xFF0A0C10,0xFF0A0C10,0xFF0A0C10,0xFF0A0C10,0xFF0A0C10,0xFF272D37,0x00000000,0x00000000,0x00000000,
  0x00000000,0x00000000,0x00000000,0xFF272D37,0xFF0A0C10,0xFF0A0C10,0xFF0A0C10,0xFF0A0C10,0xFF0A0C10,0xFF0A0C10,0xFF0A0C10,0xFF0A0C10,
  0xFF0A0C10,0xFF0A0C10,0xFF0A0C10,0xFF0A0C10,0xFF0A0C10,0xFF0A0C10,0xFF0A0C10,0xFF0A0C10,0xFF0A0C10,0xFF0A0C10,0xFF0A0C10,0xFF0A0C10,
  0xFF0A0C10,0xFF0A0C10,0xFF0A0C10,0xFF0A0C10,0xFF272D37,0x00000000,0x00000000,0x00000000,0x00000000,0x00000000,0x00000000,0xFF272D37,
  0xFF0A0C10,0xFF0A0C10,0xFF0A0C10,0xFF0A0C10,0xFF0A0C10,0xFF0A0C10,0xFF0A0C10,0xFF0A0C10,0xFF0A0C10,0xFF0A0C10,0xFF0A0C10,0xFF0A0C10,
  0xFF0A0C10,0xFF0A0C10,0xFF0A0C10,0xFF0A0C10,0xFF0A0C10,0xFF0A0C10,0xFF0A0C10,0xFF0A0C10,0xFF0A0C10,0xFF0A0C10,0xFF0A0C10,0xFF0A0C10,
  0xFF272D37,0x00000000,0x00000000,0x00000000,0x00000000,0x00000000,0x00000000,0x00000000,0xFF272D37,0xFF0A0C10,0xFF0A0C10,0xFF0A0C10,
  0xFF0A0C10,0xFF0A0C10,0xFF0A0C10,0xFF0A0C10,0xFF0A0C10,0xFF0A0C10,0xFF0A0C10,0xFF0A0C10,0xFF0A0C10,0xFF0A0C10,0xFF0A0C10,0xFF0A0C10,
  0xFF0A0C10,0xFF0A0C10,0xFF0A0C10,0xFF0A0C10,0xFF0A0C10,0xFF0A0C10,0xFF0A0C10,0xFF272D37,0x00000000,0x00000000,0x00000000,0x00000000,
  0x00000000,0x00000000,0x00000000,0x00000000,0x00000000,0xFF272D37,0xFF272D37,0xFF272D37,0xFF272D37,0xFF272D37,0xFF272D37,0xFF272D37,
  0xFF272D37,0xFF272D37,0xFF272D37,0xFF272D37,0xFF272D37,0xFF272D37,0xFF272D37,0xFF272D37,0xFF272D37,0xFF272D37,0xFF272D37,0xFF272D37,
  0xFF272D37,0xFF272D37,0xFF272D37,0x00000000,0x00000000,0x00000000,0x00000000,0x00000000,0x00000000,0x00000000,0x00000000,0x00000000,
  0x00000000,0x00000000,0x00000000,0x00000000,0x00000000,0x00000000,0x00000000,0x00000000,0x00000000,0x00000000,0x00000000,0x00000000,
  0x00000000,0x00000000,0x00000000,0x00000000,0x00000000,0x00000000,0x00000000,0x00000000,0x00000000,0x00000000,0x00000000,0x00000000,
  0x00000000,0x00000000,0x00000000,0x00000000,0x00000000,0x00000000,0x00000000,0x00000000,0x00000000,0x00000000,0x00000000,0x00000000,
  0x00000000,0x00000000,0x00000000,0x00000000,0x00000000,0x00000000,0x00000000,0x00000000,0x00000000,0x00000000,0x00000000,0x00000000,
  0x00000000,0x00000000,0x00000000,0x00000000,0x00000000,0x00000000,0x00000000,0x00000000,0x00000000,0x00000000,0x00000000,0x00000000,
  0x00000000,0x00000000,0x00000000,0x00000000,0x00000000,0x00000000,0x00000000,0x00000000,0x00000000,0x00000000,0x00000000,0x00000000,
  0x00000000,0x00000000,0x00000000,0x00000000,0x00000000,0x00000000,0x00000000,0x00000000,0x00000000,0x00000000,0x00000000,0x00000000,
  0x00000000,0x00000000,0x00000000,0x00000000,0x00000000,0x00000000,0x00000000,0x00000000,0x00000000,0x00000000,0x00000000,0x00000000,
  0x00000000,0x00000000,0x00000000,0x00000000,0x00000000,0x00000000,0x00000000,0x00000000,0x00000000,0x00000000,0x00000000,0x00000000,
  0x00000000,0x00000000,0x00000000,0x00000000,0x00000000,0x00000000,0x00000000,0x00000000,0x00000000,0x00000000,0x00000000,0x00000000,
  0x00000000,0x00000000,0x00000000,0x00000000,
};
const int icon_TERM_w = 32;
const int icon_TERM_h = 32;

const u32 icon_EDITOR_pixels[1024] = {
  0x00000000,0x00000000,0x00000000,0x00000000,0x00000000,0x00000000,0x00000000,0x00000000,0x00000000,0x00000000,0x00000000,0x00000000,
  0x00000000,0x00000000,0x00000000,0x00000000,0x00000000,0x00000000,0x00000000,0x00000000,0x00000000,0x00000000,0x00000000,0x00000000,
  0x00000000,0x00000000,0x00000000,0x00000000,0x00000000,0x00000000,0x00000000,0x00000000,0x00000000,0x00000000,0x00000000,0x00000000,
  0x00000000,0x00000000,0x00000000,0x00000000,0x00000000,0x00000000,0x00000000,0x00000000,0x00000000,0x00000000,0x00000000,0x00000000,
  0x00000000,0x00000000,0x00000000,0x00000000,0x00000000,0x00000000,0x00000000,0x00000000,0x00000000,0x00000000,0x00000000,0x00000000,
  0x00000000,0x00000000,0x00000000,0x00000000,0x00000000,0x00000000,0x00000000,0x00000000,0x00000000,0x00000000,0x00000000,0x00000000,
  0x00000000,0x00000000,0x00000000,0x00000000,0x00000000,0x00000000,0x00000000,0x00000000,0x00000000,0x00000000,0x00000000,0x00000000,
  0x00000000,0x00000000,0x00000000,0x00000000,0x00000000,0x00000000,0x00000000,0x00000000,0x00000000,0x00000000,0x00000000,0x00000000,
  0x00000000,0x00000000,0x00000000,0x00000000,0x00000000,0x00000000,0x00000000,0x00000000,0x00000000,0x00000000,0x00000000,0x00000000,
  0x00000000,0x00000000,0x00000000,0x00000000,0x00000000,0x00000000,0x00000000,0x00000000,0x00000000,0x00000000,0x00000000,0x00000000,
  0x00000000,0x00000000,0x00000000,0x00000000,0x00000000,0x00000000,0x00000000,0x00000000,0x00000000,0x00000000,0x00000000,0x00000000,
  0x00000000,0xFF0A0C10,0xFF0A0C10,0xFF0A0C10,0xFF0A0C10,0xFF0A0C10,0xFF0A0C10,0xFF0A0C10,0xFF0A0C10,0xFF0A0C10,0xFF0A0C10,0xFF0A0C10,
  0xFF0A0C10,0xFF0A0C10,0xFF0A0C10,0xFF0A0C10,0xFF0A0C10,0xFF0A0C10,0xFF0A0C10,0x00000000,0x00000000,0x00000000,0x00000000,0x00000000,
  0x00000000,0x00000000,0x00000000,0x00000000,0x00000000,0x00000000,0x00000000,0x00000000,0xFF0A0C10,0xFFE6E8EE,0xFFE6E8EE,0xFFE6E8EE,
  0xFFE6E8EE,0xFFE6E8EE,0xFFE6E8EE,0xFFE6E8EE,0xFFE6E8EE,0xFFE6E8EE,0xFFE6E8EE,0xFFE6E8EE,0xFFE6E8EE,0xFFE6E8EE,0xFFE6E8EE,0xFFE6E8EE,
  0xFFE6E8EE,0xFFE6E8EE,0xFFE6E8EE,0xFF0A0C10,0x00000000,0x00000000,0x00000000,0x00000000,0x00000000,0x00000000,0x00000000,0x00000000,
  0x00000000,0x00000000,0x00000000,0x00000000,0xFF0A0C10,0xFFE6E8EE,0xFFE6E8EE,0xFFE6E8EE,0xFFE6E8EE,0xFFE6E8EE,0xFFE6E8EE,0xFFE6E8EE,
  0xFFE6E8EE,0xFFE6E8EE,0xFFE6E8EE,0xFFE6E8EE,0xFFE6E8EE,0xFFE6E8EE,0xFFE6E8EE,0xFFE6E8EE,0xFFE6E8EE,0xFFE6E8EE,0xFFE6E8EE,0xFF0A0C10,
  0x00000000,0x00000000,0x00000000,0x00000000,0x00000000,0x00000000,0x00000000,0x00000000,0x00000000,0x00000000,0x00000000,0x00000000,
  0xFF0A0C10,0xFFE6E8EE,0xFFE6E8EE,0xFFE6E8EE,0xFFE6E8EE,0xFFE6E8EE,0xFFE6E8EE,0xFFE6E8EE,0xFFE6E8EE,0xFFE6E8EE,0xFFE6E8EE,0xFFE6E8EE,
  0xFFE6E8EE,0xFFE6E8EE,0xFFE6E8EE,0xFFE6E8EE,0xFFE6E8EE,0xFFE6E8EE,0xFFE6E8EE,0xFF0A0C10,0x00000000,0x00000000,0x00000000,0x00000000,
  0x00000000,0x00000000,0x00000000,0x00000000,0x00000000,0x00000000,0x00000000,0x00000000,0xFF0A0C10,0xFFE6E8EE,0xFFE6E8EE,0xFFE6E8EE,
  0xFFE6E8EE,0xFFE6E8EE,0xFFE6E8EE,0xFFE6E8EE,0xFFE6E8EE,0xFFE6E8EE,0xFFE6E8EE,0xFFE6E8EE,0xFFE6E8EE,0xFFE6E8EE,0xFFE6E8EE,0xFFE6E8EE,
  0xFFE6E8EE,0xFFE6E8EE,0xFFE6E8EE,0xFF0A0C10,0x00000000,0x00000000,0x00000000,0x00000000,0x00000000,0x00000000,0x00000000,0x00000000,
  0x00000000,0x00000000,0x00000000,0x00000000,0xFF0A0C10,0xFFE6E8EE,0xFFE6E8EE,0xFF5A626E,0xFF5A626E,0xFF5A626E,0xFF5A626E,0xFF5A626E,
  0xFF5A626E,0xFF5A626E,0xFF5A626E,0xFF5A626E,0xFF5A626E,0xFF5A626E,0xFF5A626E,0xFF5A626E,0xFF5A626E,0xFFE6E8EE,0xFFE6E8EE,0xFF0A0C10,
  0x00000000,0x00000000,0x00000000,0x00000000,0x00000000,0x00000000,0x00000000,0x00000000,0x00000000,0x00000000,0x00000000,0x00000000,
  0xFF0A0C10,0xFFE6E8EE,0xFFE6E8EE,0xFFE6E8EE,0xFFE6E8EE,0xFFE6E8EE,0xFFE6E8EE,0xFFE6E8EE,0xFFE6E8EE,0xFFE6E8EE,0xFFE6E8EE,0xFFE6E8EE,
  0xFFE6E8EE,0xFFE6E8EE,0xFFE6E8EE,0xFFE6E8EE,0xFFE6E8EE,0xFFE6E8EE,0xFFE6E8EE,0xFF0A0C10,0x00000000,0x00000000,0x00000000,0x00000000,
  0x00000000,0x00000000,0x00000000,0x00000000,0x00000000,0x00000000,0x00000000,0x00000000,0xFF0A0C10,0xFFE6E8EE,0xFFE6E8EE,0xFFE6E8EE,
  0xFFE6E8EE,0xFFE6E8EE,0xFFE6E8EE,0xFFE6E8EE,0xFFE6E8EE,0xFFE6E8EE,0xFFE6E8EE,0xFFE6E8EE,0xFFE6E8EE,0xFFE6E8EE,0xFFE6E8EE,0xFFE6E8EE,
  0xFFE6E8EE,0xFFE6E8EE,0xFFE6E8EE,0xFF0A0C10,0x00000000,0x00000000,0x00000000,0xFF0A0C10,0xFF0A0C10,0x00000000,0x00000000,0x00000000,
  0x00000000,0x00000000,0x00000000,0x00000000,0xFF0A0C10,0xFFE6E8EE,0xFFE6E8EE,0xFFE6E8EE,0xFFE6E8EE,0xFFE6E8EE,0xFFE6E8EE,0xFFE6E8EE,
  0xFFE6E8EE,0xFFE6E8EE,0xFFE6E8EE,0xFFE6E8EE,0xFFE6E8EE,0xFFE6E8EE,0xFFE6E8EE,0xFFE6E8EE,0xFFE6E8EE,0xFFE6E8EE,0xFFE6E8EE,0xFF0A0C10,
  0x00000000,0xFF0A0C10,0xFF0A0C10,0xFF3C424C,0xFF0A0C10,0x00000000,0x00000000,0x00000000,0x00000000,0x00000000,0x00000000,0x00000000,
  0xFF0A0C10,0xFFE6E8EE,0xFFE6E8EE,0xFF5A626E,0xFF5A626E,0xFF5A626E,0xFF5A626E,0xFF5A626E,0xFF5A626E,0xFF5A626E,0xFF5A626E,0xFF5A626E,
  0xFF5A626E,0xFF5A626E,0xFF5A626E,0xFF5A626E,0xFF5A626E,0xFFE6E8EE,0xFFE6E8EE,0xFF0A0C10,0x00000000,0xFF0A0C10,0xFFE8A87C,0xFF0A0C10,
  0xFF0A0C10,0x00000000,0x00000000,0x00000000,0x00000000,0x00000000,0x00000000,0x00000000,0xFF0A0C10,0xFFE6E8EE,0xFFE6E8EE,0xFFE6E8EE,
  0xFFE6E8EE,0xFFE6E8EE,0xFFE6E8EE,0xFFE6E8EE,0xFFE6E8EE,0xFFE6E8EE,0xFFE6E8EE,0xFFE6E8EE,0xFFE6E8EE,0xFFE6E8EE,0xFFE6E8EE,0xFFE6E8EE,
  0xFFE6E8EE,0xFFE6E8EE,0xFFE6E8EE,0xFF0A0C10,0xFF0A0C10,0xFFE8A87C,0xFFE8A87C,0xFFE8A87C,0xFF0A0C10,0xFF0A0C10,0x00000000,0x00000000,
  0x00000000,0x00000000,0x00000000,0x00000000,0xFF0A0C10,0xFFE6E8EE,0xFFE6E8EE,0xFFE6E8EE,0xFFE6E8EE,0xFFE6E8EE,0xFFE6E8EE,0xFFE6E8EE,
  0xFFE6E8EE,0xFFE6E8EE,0xFFE6E8EE,0xFFE6E8EE,0xFFE6E8EE,0xFFE6E8EE,0xFFE6E8EE,0xFFE6E8EE,0xFFE6E8EE,0xFFE6E8EE,0xFFE6E8EE,0xFF0A0C10,
  0xFFE8A87C,0xFFE8A87C,0xFFE8A87C,0xFFE8A87C,0xFFE8A87C,0xFF0A0C10,0x00000000,0x00000000,0x00000000,0x00000000,0x00000000,0x00000000,
  0xFF0A0C10,0xFFE6E8EE,0xFFE6E8EE,0xFFE6E8EE,0xFFE6E8EE,0xFFE6E8EE,0xFFE6E8EE,0xFFE6E8EE,0xFFE6E8EE,0xFFE6E8EE,0xFFE6E8EE,0xFFE6E8EE,
  0xFFE6E8EE,0xFFE6E8EE,0xFFE6E8EE,0xFFE6E8EE,0xFFE6E8EE,0xFFE6E8EE,0xFF0A0C10,0xFFE8A87C,0xFFE8A87C,0xFFE8A87C,0xFFE8A87C,0xFFE8A87C,
  0xFF0A0C10,0x00000000,0x00000000,0x00000000,0x00000000,0x00000000,0x00000000,0x00000000,0xFF0A0C10,0xFFE6E8EE,0xFFE6E8EE,0xFF5A626E,
  0xFF5A626E,0xFF5A626E,0xFF5A626E,0xFF5A626E,0xFF5A626E,0xFF5A626E,0xFF5A626E,0xFF5A626E,0xFF5A626E,0xFF5A626E,0xFF5A626E,0xFF5A626E,
  0xFF5A626E,0xFF0A0C10,0xFFE8A87C,0xFFE8A87C,0xFFE8A87C,0xFFE8A87C,0xFFE8A87C,0xFF0A0C10,0x00000000,0x00000000,0x00000000,0x00000000,
  0x00000000,0x00000000,0x00000000,0x00000000,0xFF0A0C10,0xFFE6E8EE,0xFFE6E8EE,0xFFE6E8EE,0xFFE6E8EE,0xFFE6E8EE,0xFFE6E8EE,0xFFE6E8EE,
  0xFFE6E8EE,0xFFE6E8EE,0xFFE6E8EE,0xFFE6E8EE,0xFFE6E8EE,0xFFE6E8EE,0xFFE6E8EE,0xFFE6E8EE,0xFF0A0C10,0xFFE8A87C,0xFFE8A87C,0xFFE8A87C,
  0xFFE8A87C,0xFFE8A87C,0xFF0A0C10,0x00000000,0x00000000,0x00000000,0x00000000,0x00000000,0x00000000,0x00000000,0x00000000,0x00000000,
  0xFF0A0C10,0xFFE6E8EE,0xFFE6E8EE,0xFFE6E8EE,0xFFE6E8EE,0xFFE6E8EE,0xFFE6E8EE,0xFFE6E8EE,0xFFE6E8EE,0xFFE6E8EE,0xFFE6E8EE,0xFFE6E8EE,
  0xFFE6E8EE,0xFFE6E8EE,0xFFE6E8EE,0xFF0A0C10,0xFFE8A87C,0xFFE8A87C,0xFFE8A87C,0xFFE8A87C,0xFFE8A87C,0xFF0A0C10,0x00000000,0x00000000,
  0x00000000,0x00000000,0x00000000,0x00000000,0x00000000,0x00000000,0x00000000,0x00000000,0xFF0A0C10,0xFFE6E8EE,0xFFE6E8EE,0xFFE6E8EE,
  0xFFE6E8EE,0xFFE6E8EE,0xFFE6E8EE,0xFFE6E8EE,0xFFE6E8EE,0xFFE6E8EE,0xFFE6E8EE,0xFFE6E8EE,0xFFE6E8EE,0xFFE6E8EE,0xFF0A0C10,0xFFE8A87C,
  0xFFE8A87C,0xFFE8A87C,0xFFE8A87C,0xFFE8A87C,0xFF0A0C10,0x00000000,0x00000000,0x00000000,0x00000000,0x00000000,0x00000000,0x00000000,
  0x00000000,0x00000000,0x00000000,0x00000000,0xFF0A0C10,0xFFE6E8EE,0xFFE6E8EE,0xFF5A626E,0xFF5A626E,0xFF5A626E,0xFF5A626E,0xFF5A626E,
  0xFF5A626E,0xFF5A626E,0xFF5A626E,0xFF5A626E,0xFF5A626E,0xFF0A0C10,0xFFE8A87C,0xFFE8A87C,0xFFE8A87C,0xFFE8A87C,0xFFE8A87C,0xFF0A0C10,
  0x00000000,0x00000000,0x00000000,0x00000000,0x00000000,0x00000000,0x00000000,0x00000000,0x00000000,0x00000000,0x00000000,0x00000000,
  0xFF0A0C10,0xFFE6E8EE,0xFFE6E8EE,0xFFE6E8EE,0xFFE6E8EE,0xFFE6E8EE,0xFFE6E8EE,0xFFE6E8EE,0xFFE6E8EE,0xFFE6E8EE,0xFFE6E8EE,0xFFE6E8EE,
  0xFF0A0C10,0xFF0A0C10,0xFF0A0C10,0xFFE8A87C,0xFFE8A87C,0xFFE8A87C,0xFF0A0C10,0xFF0A0C10,0x00000000,0x00000000,0x00000000,0x00000000,
  0x00000000,0x00000000,0x00000000,0x00000000,0x00000000,0x00000000,0x00000000,0x00000000,0xFF0A0C10,0xFFE6E8EE,0xFFE6E8EE,0xFFE6E8EE,
  0xFFE6E8EE,0xFFE6E8EE,0xFFE6E8EE,0xFFE6E8EE,0xFFE6E8EE,0xFFE6E8EE,0xFFE6E8EE,0xFFE6E8EE,0xFF0A0C10,0xFF0A0C10,0xFF0A0C10,0xFF0A0C10,
  0xFFE8A87C,0xFF0A0C10,0xFFE6E8EE,0xFF0A0C10,0x00000000,0x00000000,0x00000000,0x00000000,0x00000000,0x00000000,0x00000000,0x00000000,
  0x00000000,0x00000000,0x00000000,0x00000000,0xFF0A0C10,0xFFE6E8EE,0xFFE6E8EE,0xFFE6E8EE,0xFFE6E8EE,0xFFE6E8EE,0xFFE6E8EE,0xFFE6E8EE,
  0xFFE6E8EE,0xFFE6E8EE,0xFFE6E8EE,0xFF0A0C10,0xFF0A0C10,0xFF0A0C10,0xFF0A0C10,0xFF0A0C10,0xFF0A0C10,0xFFE6E8EE,0xFFE6E8EE,0xFF0A0C10,
  0x00000000,0x00000000,0x00000000,0x00000000,0x00000000,0x00000000,0x00000000,0x00000000,0x00000000,0x00000000,0x00000000,0x00000000,
  0xFF0A0C10,0xFFE6E8EE,0xFFE6E8EE,0xFFE6E8EE,0xFFE6E8EE,0xFFE6E8EE,0xFFE6E8EE,0xFFE6E8EE,0xFFE6E8EE,0xFFE6E8EE,0xFFE6E8EE,0xFFE6E8EE,
  0xFFE6E8EE,0xFFE6E8EE,0xFFE6E8EE,0xFFE6E8EE,0xFFE6E8EE,0xFFE6E8EE,0xFFE6E8EE,0xFF0A0C10,0x00000000,0x00000000,0x00000000,0x00000000,
  0x00000000,0x00000000,0x00000000,0x00000000,0x00000000,0x00000000,0x00000000,0x00000000,0xFF0A0C10,0xFFE6E8EE,0xFFE6E8EE,0xFFE6E8EE,
  0xFFE6E8EE,0xFFE6E8EE,0xFFE6E8EE,0xFFE6E8EE,0xFFE6E8EE,0xFFE6E8EE,0xFFE6E8EE,0xFFE6E8EE,0xFFE6E8EE,0xFFE6E8EE,0xFFE6E8EE,0xFFE6E8EE,
  0xFFE6E8EE,0xFFE6E8EE,0xFFE6E8EE,0xFF0A0C10,0x00000000,0x00000000,0x00000000,0x00000000,0x00000000,0x00000000,0x00000000,0x00000000,
  0x00000000,0x00000000,0x00000000,0x00000000,0xFF0A0C10,0xFFE6E8EE,0xFFE6E8EE,0xFFE6E8EE,0xFFE6E8EE,0xFFE6E8EE,0xFFE6E8EE,0xFFE6E8EE,
  0xFFE6E8EE,0xFFE6E8EE,0xFFE6E8EE,0xFFE6E8EE,0xFFE6E8EE,0xFFE6E8EE,0xFFE6E8EE,0xFFE6E8EE,0xFFE6E8EE,0xFFE6E8EE,0xFFE6E8EE,0xFF0A0C10,
  0x00000000,0x00000000,0x00000000,0x00000000,0x00000000,0x00000000,0x00000000,0x00000000,0x00000000,0x00000000,0x00000000,0x00000000,
  0x00000000,0xFF0A0C10,0xFF0A0C10,0xFF0A0C10,0xFF0A0C10,0xFF0A0C10,0xFF0A0C10,0xFF0A0C10,0xFF0A0C10,0xFF0A0C10,0xFF0A0C10,0xFF0A0C10,
  0xFF0A0C10,0xFF0A0C10,0xFF0A0C10,0xFF0A0C10,0xFF0A0C10,0xFF0A0C10,0xFF0A0C10,0x00000000,0x00000000,0x00000000,0x00000000,0x00000000,
  0x00000000,0x00000000,0x00000000,0x00000000,0x00000000,0x00000000,0x00000000,0x00000000,0x00000000,0x00000000,0x00000000,0x00000000,
  0x00000000,0x00000000,0x00000000,0x00000000,0x00000000,0x00000000,0x00000000,0x00000000,0x00000000,0x00000000,0x00000000,0x00000000,
  0x00000000,0x00000000,0x00000000,0x00000000,0x00000000,0x00000000,0x00000000,0x00000000,0x00000000,0x00000000,0x00000000,0x00000000,
  0x00000000,0x00000000,0x00000000,0x00000000,0x00000000,0x00000000,0x00000000,0x00000000,0x00000000,0x00000000,0x00000000,0x00000000,
  0x00000000,0x00000000,0x00000000,0x00000000,0x00000000,0x00000000,0x00000000,0x00000000,0x00000000,0x00000000,0x00000000,0x00000000,
  0x00000000,0x00000000,0x00000000,0x00000000,0x00000000,0x00000000,0x00000000,0x00000000,0x00000000,0x00000000,0x00000000,0x00000000,
  0x00000000,0x00000000,0x00000000,0x00000000,0x00000000,0x00000000,0x00000000,0x00000000,0x00000000,0x00000000,0x00000000,0x00000000,
  0x00000000,0x00000000,0x00000000,0x00000000,0x00000000,0x00000000,0x00000000,0x00000000,0x00000000,0x00000000,0x00000000,0x00000000,
  0x00000000,0x00000000,0x00000000,0x00000000,
};
const int icon_EDITOR_w = 32;
const int icon_EDITOR_h = 32;

const u32 icon_CLOCK_pixels[1024] = {
  0x00000000,0x00000000,0x00000000,0x00000000,0x00000000,0x00000000,0x00000000,0x00000000,0x00000000,0x00000000,0x00000000,0x00000000,
  0x00000000,0x00000000,0x00000000,0x00000000,0x00000000,0x00000000,0x00000000,0x00000000,0x00000000,0x00000000,0x00000000,0x00000000,
  0x00000000,0x00000000,0x00000000,0x00000000,0x00000000,0x00000000,0x00000000,0x00000000,0x00000000,0x00000000,0x00000000,0x00000000,
  0x00000000,0x00000000,0x00000000,0x00000000,0x00000000,0x00000000,0x00000000,0x00000000,0x00000000,0x00000000,0x00000000,0x00000000,
  0x00000000,0x00000000,0x00000000,0x00000000,0x00000000,0x00000000,0x00000000,0x00000000,0x00000000,0x00000000,0x00000000,0x00000000,
  0x00000000,0x00000000,0x00000000,0x00000000,0x00000000,0x00000000,0x00000000,0x00000000,0x00000000,0x00000000,0x00000000,0x00000000,
  0x00000000,0x00000000,0x00000000,0x00000000,0xFF0A0C10,0xFF0A0C10,0xFF0A0C10,0xFF0A0C10,0xFF0A0C10,0xFF0A0C10,0xFF0A0C10,0xFF0A0C10,
  0x00000000,0x00000000,0x00000000,0x00000000,0x00000000,0x00000000,0x00000000,0x00000000,0x00000000,0x00000000,0x00000000,0x00000000,
  0x00000000,0x00000000,0x00000000,0x00000000,0x00000000,0x00000000,0x00000000,0x00000000,0x00000000,0x00000000,0xFF0A0C10,0xFF0A0C10,
  0xFF272D37,0xFF272D37,0xFF272D37,0xFFE6E8EE,0xFF272D37,0xFF272D37,0xFF272D37,0xFF272D37,0xFF0A0C10,0xFF0A0C10,0x00000000,0x00000000,
  0x00000000,0x00000000,0x00000000,0x00000000,0x00000000,0x00000000,0x00000000,0x00000000,0x00000000,0x00000000,0x00000000,0x00000000,
  0x00000000,0x00000000,0x00000000,0x00000000,0xFF0A0C10,0xFFE6E8EE,0xFF272D37,0xFF272D37,0xFF272D37,0xFF1F242C,0xFFE6E8EE,0xFFE6E8EE,
  0xFFE6E8EE,0xFF1F242C,0xFF1F242C,0xFF272D37,0xFF272D37,0xFFE6E8EE,0xFF0A0C10,0xFF0A0C10,0x00000000,0x00000000,0x00000000,0x00000000,
  0x00000000,0x00000000,0x00000000,0x00000000,0x00000000,0x00000000,0x00000000,0x00000000,0x00000000,0x00000000,0x00000000,0xFF0A0C10,
  0xFFE6E8EE,0xFFE6E8EE,0xFFE6E8EE,0xFF1F242C,0xFF1F242C,0xFF1F242C,0xFF1F242C,0xFFE6E8EE,0xFF1F242C,0xFF1F242C,0xFF1F242C,0xFF1F242C,
  0xFFE6E8EE,0xFFE6E8EE,0xFFE6E8EE,0xFF272D37,0xFF0A0C10,0x00000000,0x00000000,0x00000000,0x00000000,0x00000000,0x00000000,0x00000000,
  0x00000000,0x00000000,0x00000000,0x00000000,0x00000000,0x00000000,0xFF0A0C10,0xFF272D37,0xFF272D37,0xFFE6E8EE,0xFF1F242C,0xFF1F242C,
  0xFF1F242C,0xFF1F242C,0xFF1F242C,0xFF1F242C,0xFF1F242C,0xFF1F242C,0xFF1F242C,0xFF1F242C,0xFF1F242C,0xFFE6E8EE,0xFF1F242C,0xFF272D37,
  0xFF272D37,0xFF0A0C10,0x00000000,0x00000000,0x00000000,0x00000000,0x00000000,0x00000000,0x00000000,0x00000000,0x00000000,0x00000000,
  0x00000000,0xFF0A0C10,0xFF272D37,0xFF272D37,0xFF1F242C,0xFF1F242C,0xFF1F242C,0xFF1F242C,0xFF1F242C,0xFF1F242C,0xFF1F242C,0xFF1F242C,
  0xFF1F242C,0xFF1F242C,0xFF1F242C,0xFF1F242C,0xFF1F242C,0xFF1F242C,0xFF1F242C,0xFF1F242C,0xFF272D37,0xFF272D37,0xFF0A0C10,0x00000000,
  0x00000000,0x00000000,0x00000000,0x00000000,0x00000000,0x00000000,0x00000000,0x00000000,0xFF0A0C10,0xFF272D37,0xFF272D37,0xFF1F242C,
  0xFF1F242C,0xFF1F242C,0xFF1F242C,0xFF1F242C,0xFF1F242C,0xFF1F242C,0xFFE6E8EE,0xFFE6E8EE,0xFF1F242C,0xFF1F242C,0xFF1F242C,0xFF1F242C,
  0xFF1F242C,0xFF1F242C,0xFF1F242C,0xFF1F242C,0xFF1F242C,0xFF272D37,0xFF272D37,0xFF0A0C10,0x00000000,0x00000000,0x00000000,0x00000000,
  0x00000000,0x00000000,0x00000000,0x00000000,0xFF0A0C10,0xFFE6E8EE,0xFF1F242C,0xFF1F242C,0xFF1F242C,0xFF1F242C,0xFF1F242C,0xFF1F242C,
  0xFF1F242C,0xFF1F242C,0xFFE6E8EE,0xFFE6E8EE,0xFF1F242C,0xFF1F242C,0xFF1F242C,0xFF1F242C,0xFF1F242C,0xFF1F242C,0xFF1F242C,0xFF1F242C,
  0xFF1F242C,0xFFE6E8EE,0xFF272D37,0xFF0A0C10,0x00000000,0x00000000,0x00000000,0x00000000,0x00000000,0x00000000,0x00000000,0xFF0A0C10,
  0xFFE6E8EE,0xFFE6E8EE,0xFFE6E8EE,0xFF1F242C,0xFF1F242C,0xFF1F242C,0xFF1F242C,0xFF1F242C,0xFF1F242C,0xFF1F242C,0xFFE6E8EE,0xFFE6E8EE,
  0xFF1F242C,0xFF1F242C,0xFF1F242C,0xFF1F242C,0xFF1F242C,0xFF1F242C,0xFF1F242C,0xFF1F242C,0xFFE6E8EE,0xFFE6E8EE,0xFFE6E8EE,0xFF272D37,
  0xFF0A0C10,0x00000000,0x00000000,0x00000000,0x00000000,0x00000000,0x00000000,0xFF0A0C10,0xFF272D37,0xFFE6E8EE,0xFF1F242C,0xFF1F242C,
  0xFF1F242C,0xFF1F242C,0xFF1F242C,0xFF1F242C,0xFF1F242C,0xFF1F242C,0xFFE6E8EE,0xFFE6E8EE,0xFF1F242C,0xFF1F242C,0xFF1F242C,0xFF1F242C,
  0xFF1F242C,0xFF1F242C,0xFF1F242C,0xFF1F242C,0xFF1F242C,0xFFE6E8EE,0xFF1F242C,0xFF272D37,0xFF0A0C10,0x00000000,0x00000000,0x00000000,
  0x00000000,0x00000000,0xFF0A0C10,0xFF272D37,0xFF272D37,0xFF1F242C,0xFF1F242C,0xFF1F242C,0xFF1F242C,0xFF1F242C,0xFF1F242C,0xFF1F242C,
  0xFF1F242C,0xFF1F242C,0xFFE6E8EE,0xFFE6E8EE,0xFF1F242C,0xFF1F242C,0xFF1F242C,0xFF1F242C,0xFF1F242C,0xFF1F242C,0xFF1F242C,0xFF1F242C,
  0xFF1F242C,0xFF1F242C,0xFF1F242C,0xFF272D37,0xFF272D37,0xFF0A0C10,0x00000000,0x00000000,0x00000000,0x00000000,0xFF0A0C10,0xFF272D37,
  0xFF1F242C,0xFF1F242C,0xFF1F242C,0xFF1F242C,0xFF1F242C,0xFF1F242C,0xFF1F242C,0xFF1F242C,0xFF1F242C,0xFF1F242C,0xFFE6E8EE,0xFFE6E8EE,
  0xFF1F242C,0xFF1F242C,0xFF1F242C,0xFF1F242C,0xFF1F242C,0xFF1F242C,0xFF1F242C,0xFF1F242C,0xFF1F242C,0xFF1F242C,0xFF1F242C,0xFF1F242C,
  0xFF272D37,0xFF0A0C10,0x00000000,0x00000000,0x00000000,0x00000000,0xFF0A0C10,0xFF272D37,0xFFE6E8EE,0xFF1F242C,0xFF1F242C,0xFF1F242C,
  0xFF1F242C,0xFF1F242C,0xFF1F242C,0xFF1F242C,0xFF1F242C,0xFF1F242C,0xFFE6E8EE,0xFF0A0C10,0xFF0A0C10,0xFF1F242C,0xFF1F242C,0xFF1F242C,
  0xFF1F242C,0xFF1F242C,0xFF1F242C,0xFF1F242C,0xFF1F242C,0xFF1F242C,0xFFE6E8EE,0xFF1F242C,0xFF272D37,0xFF0A0C10,0x00000000,0x00000000,
  0x00000000,0x00000000,0xFF0A0C10,0xFFE6E8EE,0xFFE6E8EE,0xFFE6E8EE,0xFF1F242C,0xFF1F242C,0xFF1F242C,0xFF1F242C,0xFF1F242C,0xFF1F242C,
  0xFF1F242C,0xFF1F242C,0xFF0A0C10,0xFFE8A87C,0xFFE8A87C,0xFF0A0C10,0xFF1F242C,0xFF1F242C,0xFF1F242C,0xFF1F242C,0xFF1F242C,0xFF1F242C,
  0xFF1F242C,0xFFE6E8EE,0xFFE6E8EE,0xFFE6E8EE,0xFF272D37,0xFF0A0C10,0x00000000,0x00000000,0x00000000,0x00000000,0xFF0A0C10,0xFF272D37,
  0xFFE6E8EE,0xFF1F242C,0xFF1F242C,0xFF1F242C,0xFF1F242C,0xFF1F242C,0xFF1F242C,0xFF1F242C,0xFF1F242C,0xFF1F242C,0xFF0A0C10,0xFFE8A87C,
  0xFFE8A87C,0xFF0A0C10,0xFF1F242C,0xFF1F242C,0xFF1F242C,0xFF1F242C,0xFF1F242C,0xFF1F242C,0xFF1F242C,0xFF1F242C,0xFFE6E8EE,0xFF1F242C,
  0xFF272D37,0xFF0A0C10,0x00000000,0x00000000,0x00000000,0x00000000,0xFF0A0C10,0xFF272D37,0xFF1F242C,0xFF1F242C,0xFF1F242C,0xFF1F242C,
  0xFF1F242C,0xFF1F242C,0xFF1F242C,0xFF1F242C,0xFF1F242C,0xFF1F242C,0xFF1F242C,0xFF0A0C10,0xFF0A0C10,0xFFE8A87C,0xFFE8A87C,0xFFE8A87C,
  0xFFE8A87C,0xFF1F242C,0xFF1F242C,0xFF1F242C,0xFF1F242C,0xFF1F242C,0xFF1F242C,0xFF1F242C,0xFF272D37,0xFF0A0C10,0x00000000,0x00000000,
  0x00000000,0x00000000,0xFF0A0C10,0xFF272D37,0xFF1F242C,0xFF1F242C,0xFF1F242C,0xFF1F242C,0xFF1F242C,0xFF1F242C,0xFF1F242C,0xFF1F242C,
  0xFF1F242C,0xFF1F242C,0xFF1F242C,0xFF1F242C,0xFF1F242C,0xFF1F242C,0xFF1F242C,0xFF1F242C,0xFFE8A87C,0xFFE8A87C,0xFFE8A87C,0xFF1F242C,
  0xFF1F242C,0xFF1F242C,0xFF1F242C,0xFF1F242C,0xFF272D37,0xFF0A0C10,0x00000000,0x00000000,0x00000000,0x00000000,0xFF0A0C10,0xFF272D37,
  0xFF272D37,0xFF1F242C,0xFF1F242C,0xFF1F242C,0xFF1F242C,0xFF1F242C,0xFF1F242C,0xFF1F242C,0xFF1F242C,0xFF1F242C,0xFF1F242C,0xFF1F242C,
  0xFF1F242C,0xFF1F242C,0xFF1F242C,0xFF1F242C,0xFF1F242C,0xFF1F242C,0xFFE8A87C,0xFF1F242C,0xFF1F242C,0xFF1F242C,0xFF1F242C,0xFF272D37,
  0xFF272D37,0xFF0A0C10,0x00000000,0x00000000,0x00000000,0x00000000,0x00000000,0xFF0A0C10,0xFF272D37,0xFFE6E8EE,0xFF1F242C,0xFF1F242C,
  0xFF1F242C,0xFF1F242C,0xFF1F242C,0xFF1F242C,0xFF1F242C,0xFF1F242C,0xFF1F242C,0xFF1F242C,0xFF1F242C,0xFF1F242C,0xFF1F242C,0xFF1F242C,
  0xFF1F242C,0xFF1F242C,0xFF1F242C,0xFF1F242C,0xFF1F242C,0xFFE6E8EE,0xFF1F242C,0xFF272D37,0xFF0A0C10,0x00000000,0x00000000,0x00000000,
  0x00000000,0x00000000,0x00000000,0xFF0A0C10,0xFFE6E8EE,0xFFE6E8EE,0xFFE6E8EE,0xFF1F242C,0xFF1F242C,0xFF1F242C,0xFF1F242C,0xFF1F242C,
  0xFF1F242C,0xFF1F242C,0xFF1F242C,0xFF1F242C,0xFF1F242C,0xFF1F242C,0xFF1F242C,0xFF1F242C,0xFF1F242C,0xFF1F242C,0xFF1F242C,0xFF1F242C,
  0xFFE6E8EE,0xFFE6E8EE,0xFFE6E8EE,0xFF272D37,0xFF0A0C10,0x00000000,0x00000000,0x00000000,0x00000000,0x00000000,0x00000000,0x00000000,
  0xFF0A0C10,0xFFE6E8EE,0xFF1F242C,0xFF1F242C,0xFF1F242C,0xFF1F242C,0xFF1F242C,0xFF1F242C,0xFF1F242C,0xFF1F242C,0xFF1F242C,0xFF1F242C,
  0xFF1F242C,0xFF1F242C,0xFF1F242C,0xFF1F242C,0xFF1F242C,0xFF1F242C,0xFF1F242C,0xFF1F242C,0xFF1F242C,0xFFE6E8EE,0xFF272D37,0xFF0A0C10,
  0x00000000,0x00000000,0x00000000,0x00000000,0x00000000,0x00000000,0x00000000,0x00000000,0xFF0A0C10,0xFF272D37,0xFF272D37,0xFF1F242C,
  0xFF1F242C,0xFF1F242C,0xFF1F242C,0xFF1F242C,0xFF1F242C,0xFF1F242C,0xFF1F242C,0xFF1F242C,0xFF1F242C,0xFF1F242C,0xFF1F242C,0xFF1F242C,
  0xFF1F242C,0xFF1F242C,0xFF1F242C,0xFF1F242C,0xFF1F242C,0xFF272D37,0xFF272D37,0xFF0A0C10,0x00000000,0x00000000,0x00000000,0x00000000,
  0x00000000,0x00000000,0x00000000,0x00000000,0x00000000,0xFF0A0C10,0xFF272D37,0xFF272D37,0xFF1F242C,0xFF1F242C,0xFFE6E8EE,0xFF1F242C,
  0xFF1F242C,0xFF1F242C,0xFF1F242C,0xFF1F242C,0xFF1F242C,0xFF1F242C,0xFF1F242C,0xFF1F242C,0xFF1F242C,0xFFE6E8EE,0xFF1F242C,0xFF1F242C,
  0xFF272D37,0xFF272D37,0xFF0A0C10,0x00000000,0x00000000,0x00000000,0x00000000,0x00000000,0x00000000,0x00000000,0x00000000,0x00000000,
  0x00000000,0x00000000,0xFF0A0C10,0xFF272D37,0xFF272D37,0xFFE6E8EE,0xFFE6E8EE,0xFFE6E8EE,0xFF1F242C,0xFF1F242C,0xFF1F242C,0xFFE6E8EE,
  0xFF1F242C,0xFF1F242C,0xFF1F242C,0xFF1F242C,0xFFE6E8EE,0xFFE6E8EE,0xFFE6E8EE,0xFF272D37,0xFF272D37,0xFF0A0C10,0x00000000,0x00000000,
  0x00000000,0x00000000,0x00000000,0x00000000,0x00000000,0x00000000,0x00000000,0x00000000,0x00000000,0x00000000,0x00000000,0xFF0A0C10,
  0xFF272D37,0xFF272D37,0xFFE6E8EE,0xFF1F242C,0xFF1F242C,0xFF1F242C,0xFFE6E8EE,0xFFE6E8EE,0xFFE6E8EE,0xFF1F242C,0xFF1F242C,0xFF1F242C,
  0xFF1F242C,0xFFE6E8EE,0xFF272D37,0xFF272D37,0xFF0A0C10,0x00000000,0x00000000,0x00000000,0x00000000,0x00000000,0x00000000,0x00000000,
  0x00000000,0x00000000,0x00000000,0x00000000,0x00000000,0x00000000,0x00000000,0x00000000,0xFF0A0C10,0xFF0A0C10,0xFF272D37,0xFF272D37,
  0xFF272D37,0xFF1F242C,0xFF1F242C,0xFFE6E8EE,0xFF1F242C,0xFF1F242C,0xFF1F242C,0xFF272D37,0xFF272D37,0xFF272D37,0xFF0A0C10,0xFF0A0C10,
  0x00000000,0x00000000,0x00000000,0x00000000,0x00000000,0x00000000,0x00000000,0x00000000,0x00000000,0x00000000,0x00000000,0x00000000,
  0x00000000,0x00000000,0x00000000,0x00000000,0x00000000,0x00000000,0xFF0A0C10,0xFF0A0C10,0xFF272D37,0xFF272D37,0xFF272D37,0xFF272D37,
  0xFF272D37,0xFF272D37,0xFF272D37,0xFF272D37,0xFF0A0C10,0xFF0A0C10,0x00000000,0x00000000,0x00000000,0x00000000,0x00000000,0x00000000,
  0x00000000,0x00000000,0x00000000,0x00000000,0x00000000,0x00000000,0x00000000,0x00000000,0x00000000,0x00000000,0x00000000,0x00000000,
  0x00000000,0x00000000,0x00000000,0x00000000,0xFF0A0C10,0xFF0A0C10,0xFF0A0C10,0xFF0A0C10,0xFF0A0C10,0xFF0A0C10,0xFF0A0C10,0xFF0A0C10,
  0x00000000,0x00000000,0x00000000,0x00000000,0x00000000,0x00000000,0x00000000,0x00000000,0x00000000,0x00000000,0x00000000,0x00000000,
  0x00000000,0x00000000,0x00000000,0x00000000,0x00000000,0x00000000,0x00000000,0x00000000,0x00000000,0x00000000,0x00000000,0x00000000,
  0x00000000,0x00000000,0x00000000,0x00000000,0x00000000,0x00000000,0x00000000,0x00000000,0x00000000,0x00000000,0x00000000,0x00000000,
  0x00000000,0x00000000,0x00000000,0x00000000,0x00000000,0x00000000,0x00000000,0x00000000,0x00000000,0x00000000,0x00000000,0x00000000,
  0x00000000,0x00000000,0x00000000,0x00000000,0x00000000,0x00000000,0x00000000,0x00000000,0x00000000,0x00000000,0x00000000,0x00000000,
  0x00000000,0x00000000,0x00000000,0x00000000,0x00000000,0x00000000,0x00000000,0x00000000,0x00000000,0x00000000,0x00000000,0x00000000,
  0x00000000,0x00000000,0x00000000,0x00000000,
};
const int icon_CLOCK_w = 32;
const int icon_CLOCK_h = 32;

const u32 icon_INFO_pixels[1024] = {
  0x00000000,0x00000000,0x00000000,0x00000000,0x00000000,0x00000000,0x00000000,0x00000000,0x00000000,0x00000000,0x00000000,0x00000000,
  0x00000000,0x00000000,0x00000000,0x00000000,0x00000000,0x00000000,0x00000000,0x00000000,0x00000000,0x00000000,0x00000000,0x00000000,
  0x00000000,0x00000000,0x00000000,0x00000000,0x00000000,0x00000000,0x00000000,0x00000000,0x00000000,0x00000000,0x00000000,0x00000000,
  0x00000000,0x00000000,0x00000000,0x00000000,0x00000000,0x00000000,0x00000000,0x00000000,0x00000000,0x00000000,0x00000000,0x00000000,
  0x00000000,0x00000000,0x00000000,0x00000000,0x00000000,0x00000000,0x00000000,0x00000000,0x00000000,0x00000000,0x00000000,0x00000000,
  0x00000000,0x00000000,0x00000000,0x00000000,0x00000000,0x00000000,0x00000000,0x00000000,0x00000000,0x00000000,0x00000000,0x00000000,
  0x00000000,0x00000000,0x00000000,0x00000000,0xFF0A0C10,0xFF0A0C10,0xFF0A0C10,0xFF0A0C10,0xFF0A0C10,0xFF0A0C10,0xFF0A0C10,0xFF0A0C10,
  0x00000000,0x00000000,0x00000000,0x00000000,0x00000000,0x00000000,0x00000000,0x00000000,0x00000000,0x00000000,0x00000000,0x00000000,
  0x00000000,0x00000000,0x00000000,0x00000000,0x00000000,0x00000000,0x00000000,0x00000000,0x00000000,0x00000000,0xFF0A0C10,0xFF0A0C10,
  0xFFB07A55,0xFFB07A55,0xFFB07A55,0xFFB07A55,0xFFB07A55,0xFFB07A55,0xFFB07A55,0xFFB07A55,0xFF0A0C10,0xFF0A0C10,0x00000000,0x00000000,
  0x00000000,0x00000000,0x00000000,0x00000000,0x00000000,0x00000000,0x00000000,0x00000000,0x00000000,0x00000000,0x00000000,0x00000000,
  0x00000000,0x00000000,0x00000000,0x00000000,0xFF0A0C10,0xFF0A0C10,0xFFB07A55,0xFFB07A55,0xFFB07A55,0xFFE8A87C,0xFFE8A87C,0xFFE8A87C,
  0xFFE8A87C,0xFFE8A87C,0xFFE8A87C,0xFFB07A55,0xFFB07A55,0xFFB07A55,0xFF0A0C10,0xFF0A0C10,0x00000000,0x00000000,0x00000000,0x00000000,
  0x00000000,0x00000000,0x00000000,0x00000000,0x00000000,0x00000000,0x00000000,0x00000000,0x00000000,0x00000000,0x00000000,0xFF0A0C10,
  0xFFB07A55,0xFFB07A55,0xFFE8A87C,0xFFE8A87C,0xFFE8A87C,0xFFE8A87C,0xFFE8A87C,0xFFE8A87C,0xFFE8A87C,0xFFE8A87C,0xFFE8A87C,0xFFE8A87C,
  0xFFE8A87C,0xFFE8A87C,0xFFB07A55,0xFFB07A55,0xFF0A0C10,0x00000000,0x00000000,0x00000000,0x00000000,0x00000000,0x00000000,0x00000000,
  0x00000000,0x00000000,0x00000000,0x00000000,0x00000000,0x00000000,0xFF0A0C10,0xFFB07A55,0xFFB07A55,0xFFE8A87C,0xFFE8A87C,0xFFE8A87C,
  0xFFE8A87C,0xFFE8A87C,0xFFE8A87C,0xFFE8A87C,0xFFE8A87C,0xFFE8A87C,0xFFE8A87C,0xFFE8A87C,0xFFE8A87C,0xFFE8A87C,0xFFE8A87C,0xFFB07A55,
  0xFFB07A55,0xFF0A0C10,0x00000000,0x00000000,0x00000000,0x00000000,0x00000000,0x00000000,0x00000000,0x00000000,0x00000000,0x00000000,
  0x00000000,0xFF0A0C10,0xFFB07A55,0xFFB07A55,0xFFE8A87C,0xFFE8A87C,0xFFE8A87C,0xFFE8A87C,0xFFE8A87C,0xFFE8A87C,0xFF0A0C10,0xFF0A0C10,
  0xFF0A0C10,0xFFE8A87C,0xFFE8A87C,0xFFE8A87C,0xFFE8A87C,0xFFE8A87C,0xFFE8A87C,0xFFE8A87C,0xFFB07A55,0xFFB07A55,0xFF0A0C10,0x00000000,
  0x00000000,0x00000000,0x00000000,0x00000000,0x00000000,0x00000000,0x00000000,0x00000000,0xFF0A0C10,0xFFB07A55,0xFFB07A55,0xFFE8A87C,
  0xFFE8A87C,0xFFE8A87C,0xFFE8A87C,0xFFE8A87C,0xFFE8A87C,0xFF0A0C10,0xFF0A0C10,0xFF0A0C10,0xFF0A0C10,0xFF0A0C10,0xFFE8A87C,0xFFE8A87C,
  0xFFE8A87C,0xFFE8A87C,0xFFE8A87C,0xFFE8A87C,0xFFE8A87C,0xFFB07A55,0xFFB07A55,0xFF0A0C10,0x00000000,0x00000000,0x00000000,0x00000000,
  0x00000000,0x00000000,0x00000000,0x00000000,0xFF0A0C10,0xFFB07A55,0xFFE8A87C,0xFFE8A87C,0xFFE8A87C,0xFFE8A87C,0xFFE8A87C,0xFFE8A87C,
  0xFFE8A87C,0xFF0A0C10,0xFF0A0C10,0xFF0A0C10,0xFF0A0C10,0xFF0A0C10,0xFFE8A87C,0xFFE8A87C,0xFFE8A87C,0xFFE8A87C,0xFFE8A87C,0xFFE8A87C,
  0xFFE8A87C,0xFFE8A87C,0xFFB07A55,0xFF0A0C10,0x00000000,0x00000000,0x00000000,0x00000000,0x00000000,0x00000000,0x00000000,0xFF0A0C10,
  0xFFB07A55,0xFFE8A87C,0xFFE8A87C,0xFFE8A87C,0xFFE8A87C,0xFFE8A87C,0xFFE8A87C,0xFFE8A87C,0xFFE8A87C,0xFF0A0C10,0xFF0A0C10,0xFF0A0C10,
  0xFF0A0C10,0xFF0A0C10,0xFFE8A87C,0xFFE8A87C,0xFFE8A87C,0xFFE8A87C,0xFFE8A87C,0xFFE8A87C,0xFFE8A87C,0xFFE8A87C,0xFFE8A87C,0xFFB07A55,
  0xFF0A0C10,0x00000000,0x00000000,0x00000000,0x00000000,0x00000000,0x00000000,0xFF0A0C10,0xFFB07A55,0xFFE8A87C,0xFFE8A87C,0xFFE8A87C,
  0xFFE8A87C,0xFFE8A87C,0xFFE8A87C,0xFFE8A87C,0xFFE8A87C,0xFFE8A87C,0xFF0A0C10,0xFF0A0C10,0xFF0A0C10,0xFFE8A87C,0xFFE8A87C,0xFFE8A87C,
  0xFFE8A87C,0xFFE8A87C,0xFFE8A87C,0xFFE8A87C,0xFFE8A87C,0xFFE8A87C,0xFFE8A87C,0xFFB07A55,0xFF0A0C10,0x00000000,0x00000000,0x00000000,
  0x00000000,0x00000000,0xFF0A0C10,0xFFB07A55,0xFFB07A55,0xFFE8A87C,0xFFE8A87C,0xFFE8A87C,0xFFE8A87C,0xFFE8A87C,0xFFE8A87C,0xFFE8A87C,
  0xFFE8A87C,0xFFE8A87C,0xFFE8A87C,0xFFE8A87C,0xFFE8A87C,0xFFE8A87C,0xFFE8A87C,0xFFE8A87C,0xFFE8A87C,0xFFE8A87C,0xFFE8A87C,0xFFE8A87C,
  0xFFE8A87C,0xFFE8A87C,0xFFE8A87C,0xFFB07A55,0xFFB07A55,0xFF0A0C10,0x00000000,0x00000000,0x00000000,0x00000000,0xFF0A0C10,0xFFB07A55,
  0xFFE8A87C,0xFFE8A87C,0xFFE8A87C,0xFFE8A87C,0xFFE8A87C,0xFFE8A87C,0xFFE8A87C,0xFFE8A87C,0xFFE8A87C,0xFF0A0C10,0xFF0A0C10,0xFF0A0C10,
  0xFF0A0C10,0xFF0A0C10,0xFFE8A87C,0xFFE8A87C,0xFFE8A87C,0xFFE8A87C,0xFFE8A87C,0xFFE8A87C,0xFFE8A87C,0xFFE8A87C,0xFFE8A87C,0xFFE8A87C,
  0xFFB07A55,0xFF0A0C10,0x00000000,0x00000000,0x00000000,0x00000000,0xFF0A0C10,0xFFB07A55,0xFFE8A87C,0xFFE8A87C,0xFFE8A87C,0xFFE8A87C,
  0xFFE8A87C,0xFFE8A87C,0xFFE8A87C,0xFFE8A87C,0xFFE8A87C,0xFF0A0C10,0xFF0A0C10,0xFF0A0C10,0xFF0A0C10,0xFF0A0C10,0xFFE8A87C,0xFFE8A87C,
  0xFFE8A87C,0xFFE8A87C,0xFFE8A87C,0xFFE8A87C,0xFFE8A87C,0xFFE8A87C,0xFFE8A87C,0xFFE8A87C,0xFFB07A55,0xFF0A0C10,0x00000000,0x00000000,
  0x00000000,0x00000000,0xFF0A0C10,0xFFB07A55,0xFFE8A87C,0xFFE8A87C,0xFFE8A87C,0xFFE8A87C,0xFFE8A87C,0xFFE8A87C,0xFFE8A87C,0xFFE8A87C,
  0xFFE8A87C,0xFF0A0C10,0xFF0A0C10,0xFF0A0C10,0xFF0A0C10,0xFF0A0C10,0xFFE8A87C,0xFFE8A87C,0xFFE8A87C,0xFFE8A87C,0xFFE8A87C,0xFFE8A87C,
  0xFFE8A87C,0xFFE8A87C,0xFFE8A87C,0xFFE8A87C,0xFFB07A55,0xFF0A0C10,0x00000000,0x00000000,0x00000000,0x00000000,0xFF0A0C10,0xFFB07A55,
  0xFFE8A87C,0xFFE8A87C,0xFFE8A87C,0xFFE8A87C,0xFFE8A87C,0xFFE8A87C,0xFFE8A87C,0xFFE8A87C,0xFFE8A87C,0xFF0A0C10,0xFF0A0C10,0xFF0A0C10,
  0xFF0A0C10,0xFF0A0C10,0xFFE8A87C,0xFFE8A87C,0xFFE8A87C,0xFFE8A87C,0xFFE8A87C,0xFFE8A87C,0xFFE8A87C,0xFFE8A87C,0xFFE8A87C,0xFFE8A87C,
  0xFFB07A55,0xFF0A0C10,0x00000000,0x00000000,0x00000000,0x00000000,0xFF0A0C10,0xFFB07A55,0xFFE8A87C,0xFFE8A87C,0xFFE8A87C,0xFFE8A87C,
  0xFFE8A87C,0xFFE8A87C,0xFFE8A87C,0xFFE8A87C,0xFFE8A87C,0xFF0A0C10,0xFF0A0C10,0xFF0A0C10,0xFF0A0C10,0xFF0A0C10,0xFFE8A87C,0xFFE8A87C,
  0xFFE8A87C,0xFFE8A87C,0xFFE8A87C,0xFFE8A87C,0xFFE8A87C,0xFFE8A87C,0xFFE8A87C,0xFFE8A87C,0xFFB07A55,0xFF0A0C10,0x00000000,0x00000000,
  0x00000000,0x00000000,0xFF0A0C10,0xFFB07A55,0xFFE8A87C,0xFFE8A87C,0xFFE8A87C,0xFFE8A87C,0xFFE8A87C,0xFFE8A87C,0xFFE8A87C,0xFFE8A87C,
  0xFFE8A87C,0xFF0A0C10,0xFF0A0C10,0xFF0A0C10,0xFF0A0C10,0xFF0A0C10,0xFFE8A87C,0xFFE8A87C,0xFFE8A87C,0xFFE8A87C,0xFFE8A87C,0xFFE8A87C,
  0xFFE8A87C,0xFFE8A87C,0xFFE8A87C,0xFFE8A87C,0xFFB07A55,0xFF0A0C10,0x00000000,0x00000000,0x00000000,0x00000000,0xFF0A0C10,0xFFB07A55,
  0xFFB07A55,0xFFE8A87C,0xFFE8A87C,0xFFE8A87C,0xFFE8A87C,0xFFE8A87C,0xFFE8A87C,0xFFE8A87C,0xFFE8A87C,0xFF0A0C10,0xFF0A0C10,0xFF0A0C10,
  0xFF0A0C10,0xFF0A0C10,0xFFE8A87C,0xFFE8A87C,0xFFE8A87C,0xFFE8A87C,0xFFE8A87C,0xFFE8A87C,0xFFE8A87C,0xFFE8A87C,0xFFE8A87C,0xFFB07A55,
  0xFFB07A55,0xFF0A0C10,0x00000000,0x00000000,0x00000000,0x00000000,0x00000000,0xFF0A0C10,0xFFB07A55,0xFFE8A87C,0xFFE8A87C,0xFFE8A87C,
  0xFFE8A87C,0xFFE8A87C,0xFFE8A87C,0xFFE8A87C,0xFFE8A87C,0xFF0A0C10,0xFF0A0C10,0xFF0A0C10,0xFF0A0C10,0xFF0A0C10,0xFFE8A87C,0xFFE8A87C,
  0xFFE8A87C,0xFFE8A87C,0xFFE8A87C,0xFFE8A87C,0xFFE8A87C,0xFFE8A87C,0xFFE8A87C,0xFFB07A55,0xFF0A0C10,0x00000000,0x00000000,0x00000000,
  0x00000000,0x00000000,0x00000000,0xFF0A0C10,0xFFB07A55,0xFFE8A87C,0xFFE8A87C,0xFFE8A87C,0xFFE8A87C,0xFFE8A87C,0xFFE8A87C,0xFFE8A87C,
  0xFFE8A87C,0xFF0A0C10,0xFF0A0C10,0xFF0A0C10,0xFF0A0C10,0xFF0A0C10,0xFFE8A87C,0xFFE8A87C,0xFFE8A87C,0xFFE8A87C,0xFFE8A87C,0xFFE8A87C,
  0xFFE8A87C,0xFFE8A87C,0xFFE8A87C,0xFFB07A55,0xFF0A0C10,0x00000000,0x00000000,0x00000000,0x00000000,0x00000000,0x00000000,0x00000000,
  0xFF0A0C10,0xFFB07A55,0xFFE8A87C,0xFFE8A87C,0xFFE8A87C,0xFFE8A87C,0xFFE8A87C,0xFFE8A87C,0xFFE8A87C,0xFF0A0C10,0xFF0A0C10,0xFF0A0C10,
  0xFF0A0C10,0xFF0A0C10,0xFFE8A87C,0xFFE8A87C,0xFFE8A87C,0xFFE8A87C,0xFFE8A87C,0xFFE8A87C,0xFFE8A87C,0xFFE8A87C,0xFFB07A55,0xFF0A0C10,
  0x00000000,0x00000000,0x00000000,0x00000000,0x00000000,0x00000000,0x00000000,0x00000000,0xFF0A0C10,0xFFB07A55,0xFFB07A55,0xFFE8A87C,
  0xFFE8A87C,0xFFE8A87C,0xFFE8A87C,0xFFE8A87C,0xFFE8A87C,0xFF0A0C10,0xFF0A0C10,0xFF0A0C10,0xFF0A0C10,0xFF0A0C10,0xFFE8A87C,0xFFE8A87C,
  0xFFE8A87C,0xFFE8A87C,0xFFE8A87C,0xFFE8A87C,0xFFE8A87C,0xFFB07A55,0xFFB07A55,0xFF0A0C10,0x00000000,0x00000000,0x00000000,0x00000000,
  0x00000000,0x00000000,0x00000000,0x00000000,0x00000000,0xFF0A0C10,0xFFB07A55,0xFFB07A55,0xFFE8A87C,0xFFE8A87C,0xFFE8A87C,0xFFE8A87C,
  0xFFE8A87C,0xFF0A0C10,0xFF0A0C10,0xFF0A0C10,0xFF0A0C10,0xFF0A0C10,0xFFE8A87C,0xFFE8A87C,0xFFE8A87C,0xFFE8A87C,0xFFE8A87C,0xFFE8A87C,
  0xFFB07A55,0xFFB07A55,0xFF0A0C10,0x00000000,0x00000000,0x00000000,0x00000000,0x00000000,0x00000000,0x00000000,0x00000000,0x00000000,
  0x00000000,0x00000000,0xFF0A0C10,0xFFB07A55,0xFFB07A55,0xFFE8A87C,0xFFE8A87C,0xFFE8A87C,0xFFE8A87C,0xFFE8A87C,0xFFE8A87C,0xFFE8A87C,
  0xFFE8A87C,0xFFE8A87C,0xFFE8A87C,0xFFE8A87C,0xFFE8A87C,0xFFE8A87C,0xFFE8A87C,0xFFB07A55,0xFFB07A55,0xFF0A0C10,0x00000000,0x00000000,
  0x00000000,0x00000000,0x00000000,0x00000000,0x00000000,0x00000000,0x00000000,0x00000000,0x00000000,0x00000000,0x00000000,0xFF0A0C10,
  0xFFB07A55,0xFFB07A55,0xFFE8A87C,0xFFE8A87C,0xFFE8A87C,0xFFE8A87C,0xFFE8A87C,0xFFE8A87C,0xFFE8A87C,0xFFE8A87C,0xFFE8A87C,0xFFE8A87C,
  0xFFE8A87C,0xFFE8A87C,0xFFB07A55,0xFFB07A55,0xFF0A0C10,0x00000000,0x00000000,0x00000000,0x00000000,0x00000000,0x00000000,0x00000000,
  0x00000000,0x00000000,0x00000000,0x00000000,0x00000000,0x00000000,0x00000000,0x00000000,0xFF0A0C10,0xFF0A0C10,0xFFB07A55,0xFFB07A55,
  0xFFB07A55,0xFFE8A87C,0xFFE8A87C,0xFFE8A87C,0xFFE8A87C,0xFFE8A87C,0xFFE8A87C,0xFFB07A55,0xFFB07A55,0xFFB07A55,0xFF0A0C10,0xFF0A0C10,
  0x00000000,0x00000000,0x00000000,0x00000000,0x00000000,0x00000000,0x00000000,0x00000000,0x00000000,0x00000000,0x00000000,0x00000000,
  0x00000000,0x00000000,0x00000000,0x00000000,0x00000000,0x00000000,0xFF0A0C10,0xFF0A0C10,0xFFB07A55,0xFFB07A55,0xFFB07A55,0xFFB07A55,
  0xFFB07A55,0xFFB07A55,0xFFB07A55,0xFFB07A55,0xFF0A0C10,0xFF0A0C10,0x00000000,0x00000000,0x00000000,0x00000000,0x00000000,0x00000000,
  0x00000000,0x00000000,0x00000000,0x00000000,0x00000000,0x00000000,0x00000000,0x00000000,0x00000000,0x00000000,0x00000000,0x00000000,
  0x00000000,0x00000000,0x00000000,0x00000000,0xFF0A0C10,0xFF0A0C10,0xFF0A0C10,0xFF0A0C10,0xFF0A0C10,0xFF0A0C10,0xFF0A0C10,0xFF0A0C10,
  0x00000000,0x00000000,0x00000000,0x00000000,0x00000000,0x00000000,0x00000000,0x00000000,0x00000000,0x00000000,0x00000000,0x00000000,
  0x00000000,0x00000000,0x00000000,0x00000000,0x00000000,0x00000000,0x00000000,0x00000000,0x00000000,0x00000000,0x00000000,0x00000000,
  0x00000000,0x00000000,0x00000000,0x00000000,0x00000000,0x00000000,0x00000000,0x00000000,0x00000000,0x00000000,0x00000000,0x00000000,
  0x00000000,0x00000000,0x00000000,0x00000000,0x00000000,0x00000000,0x00000000,0x00000000,0x00000000,0x00000000,0x00000000,0x00000000,
  0x00000000,0x00000000,0x00000000,0x00000000,0x00000000,0x00000000,0x00000000,0x00000000,0x00000000,0x00000000,0x00000000,0x00000000,
  0x00000000,0x00000000,0x00000000,0x00000000,0x00000000,0x00000000,0x00000000,0x00000000,0x00000000,0x00000000,0x00000000,0x00000000,
  0x00000000,0x00000000,0x00000000,0x00000000,
};
const int icon_INFO_w = 32;
const int icon_INFO_h = 32;

const u32 icon_FOLDER_pixels[1024] = {
  0x00000000,0x00000000,0x00000000,0x00000000,0x00000000,0x00000000,0x00000000,0x00000000,0x00000000,0x00000000,0x00000000,0x00000000,
  0x00000000,0x00000000,0x00000000,0x00000000,0x00000000,0x00000000,0x00000000,0x00000000,0x00000000,0x00000000,0x00000000,0x00000000,
  0x00000000,0x00000000,0x00000000,0x00000000,0x00000000,0x00000000,0x00000000,0x00000000,0x00000000,0x00000000,0x00000000,0x00000000,
  0x00000000,0x00000000,0x00000000,0x00000000,0x00000000,0x00000000,0x00000000,0x00000000,0x00000000,0x00000000,0x00000000,0x00000000,
  0x00000000,0x00000000,0x00000000,0x00000000,0x00000000,0x00000000,0x00000000,0x00000000,0x00000000,0x00000000,0x00000000,0x00000000,
  0x00000000,0x00000000,0x00000000,0x00000000,0x00000000,0x00000000,0x00000000,0x00000000,0x00000000,0x00000000,0x00000000,0x00000000,
  0x00000000,0x00000000,0x00000000,0x00000000,0x00000000,0x00000000,0x00000000,0x00000000,0x00000000,0x00000000,0x00000000,0x00000000,
  0x00000000,0x00000000,0x00000000,0x00000000,0x00000000,0x00000000,0x00000000,0x00000000,0x00000000,0x00000000,0x00000000,0x00000000,
  0x00000000,0x00000000,0x00000000,0x00000000,0x00000000,0x00000000,0x00000000,0x00000000,0x00000000,0x00000000,0x00000000,0x00000000,
  0x00000000,0x00000000,0x00000000,0x00000000,0x00000000,0x00000000,0x00000000,0x00000000,0x00000000,0x00000000,0x00000000,0x00000000,
  0x00000000,0x00000000,0x00000000,0x00000000,0x00000000,0x00000000,0x00000000,0x00000000,0x00000000,0x00000000,0x00000000,0x00000000,
  0x00000000,0x00000000,0x00000000,0x00000000,0x00000000,0x00000000,0x00000000,0x00000000,0x00000000,0x00000000,0x00000000,0x00000000,
  0x00000000,0x00000000,0x00000000,0x00000000,0x00000000,0x00000000,0x00000000,0x00000000,0x00000000,0x00000000,0x00000000,0x00000000,
  0x00000000,0x00000000,0x00000000,0x00000000,0x00000000,0x00000000,0x00000000,0x00000000,0x00000000,0x00000000,0x00000000,0x00000000,
  0x00000000,0x00000000,0x00000000,0x00000000,0x00000000,0x00000000,0x00000000,0x00000000,0x00000000,0x00000000,0x00000000,0x00000000,
  0x00000000,0x00000000,0x00000000,0x00000000,0x00000000,0x00000000,0x00000000,0x00000000,0x00000000,0x00000000,0x00000000,0x00000000,
  0x00000000,0x00000000,0x00000000,0x00000000,0x00000000,0x00000000,0x00000000,0x00000000,0x00000000,0x00000000,0x00000000,0x00000000,
  0x00000000,0x00000000,0x00000000,0x00000000,0x00000000,0x00000000,0x00000000,0x00000000,0x00000000,0x00000000,0x00000000,0x00000000,
  0x00000000,0x00000000,0x00000000,0x00000000,0x00000000,0x00000000,0x00000000,0x00000000,0x00000000,0x00000000,0x00000000,0x00000000,
  0x00000000,0x00000000,0x00000000,0x00000000,0x00000000,0x00000000,0xFF0A0C10,0xFF0A0C10,0xFF0A0C10,0xFF0A0C10,0xFF0A0C10,0xFF0A0C10,
  0xFF0A0C10,0xFF0A0C10,0x00000000,0x00000000,0x00000000,0x00000000,0x00000000,0x00000000,0x00000000,0x00000000,0x00000000,0x00000000,
  0x00000000,0x00000000,0x00000000,0x00000000,0x00000000,0x00000000,0x00000000,0x00000000,0x00000000,0x00000000,0x00000000,0x00000000,
  0xFF0A0C10,0xFF0A0C10,0xFFB07A55,0xFFB07A55,0xFFB07A55,0xFFB07A55,0xFFB07A55,0xFFB07A55,0xFFB07A55,0xFF0A0C10,0x00000000,0x00000000,
  0x00000000,0x00000000,0x00000000,0x00000000,0x00000000,0x00000000,0x00000000,0x00000000,0x00000000,0x00000000,0x00000000,0x00000000,
  0x00000000,0x00000000,0x00000000,0x00000000,0x00000000,0x00000000,0xFF0A0C10,0xFF0A0C10,0xFFB07A55,0xFFB07A55,0xFFB07A55,0xFFB07A55,
  0xFFB07A55,0xFFB07A55,0xFFB07A55,0xFFB07A55,0xFFB07A55,0xFF0A0C10,0x00000000,0x00000000,0x00000000,0x00000000,0x00000000,0x00000000,
  0x00000000,0x00000000,0x00000000,0x00000000,0x00000000,0x00000000,0x00000000,0x00000000,0x00000000,0x00000000,0x00000000,0x00000000,
  0xFF0A0C10,0xFF0A0C10,0xFF0A0C10,0xFF0A0C10,0xFF0A0C10,0xFF0A0C10,0xFF0A0C10,0xFF0A0C10,0xFF0A0C10,0xFF0A0C10,0xFF0A0C10,0xFF0A0C10,
  0xFF0A0C10,0xFF0A0C10,0xFF0A0C10,0xFF0A0C10,0xFF0A0C10,0xFF0A0C10,0xFF0A0C10,0xFF0A0C10,0xFF0A0C10,0xFF0A0C10,0xFF0A0C10,0xFF0A0C10,
  0x00000000,0x00000000,0x00000000,0x00000000,0x00000000,0x00000000,0x00000000,0xFF0A0C10,0xFFFFD2AA,0xFFFFD2AA,0xFFFFD2AA,0xFFFFD2AA,
  0xFFFFD2AA,0xFFFFD2AA,0xFFFFD2AA,0xFFFFD2AA,0xFFFFD2AA,0xFFFFD2AA,0xFFFFD2AA,0xFFFFD2AA,0xFFFFD2AA,0xFFFFD2AA,0xFFFFD2AA,0xFFFFD2AA,
  0xFFFFD2AA,0xFFFFD2AA,0xFFFFD2AA,0xFFFFD2AA,0xFFFFD2AA,0xFFFFD2AA,0xFFFFD2AA,0xFFFFD2AA,0xFFFFD2AA,0x00000000,0x00000000,0x00000000,
  0x00000000,0x00000000,0x00000000,0xFFFFD2AA,0xFFFFD2AA,0xFFFFD2AA,0xFFFFD2AA,0xFFFFD2AA,0xFFFFD2AA,0xFFFFD2AA,0xFFFFD2AA,0xFFFFD2AA,
  0xFFFFD2AA,0xFFFFD2AA,0xFFFFD2AA,0xFFFFD2AA,0xFFFFD2AA,0xFFFFD2AA,0xFFFFD2AA,0xFFFFD2AA,0xFFFFD2AA,0xFFFFD2AA,0xFFFFD2AA,0xFFFFD2AA,
  0xFFFFD2AA,0xFFFFD2AA,0xFFFFD2AA,0xFFFFD2AA,0xFFFFD2AA,0xFFFFD2AA,0x00000000,0x00000000,0x00000000,0x00000000,0x00000000,0xFFFFD2AA,
  0xFFFFD2AA,0xFFFFD2AA,0xFFFFD2AA,0xFFFFD2AA,0xFFFFD2AA,0xFFFFD2AA,0xFFFFD2AA,0xFFFFD2AA,0xFFFFD2AA,0xFFFFD2AA,0xFFFFD2AA,0xFFFFD2AA,
  0xFFFFD2AA,0xFFFFD2AA,0xFFFFD2AA,0xFFFFD2AA,0xFFFFD2AA,0xFFFFD2AA,0xFFFFD2AA,0xFFFFD2AA,0xFFFFD2AA,0xFFFFD2AA,0xFFFFD2AA,0xFFFFD2AA,
  0xFFFFD2AA,0xFFFFD2AA,0x00000000,0x00000000,0x00000000,0x00000000,0x00000000,0xFFFFD2AA,0xFFFFD2AA,0xFFFFD2AA,0xFFFFD2AA,0xFFFFD2AA,
  0xFFFFD2AA,0xFFFFD2AA,0xFFFFD2AA,0xFFFFD2AA,0xFFFFD2AA,0xFFFFD2AA,0xFFFFD2AA,0xFFFFD2AA,0xFFFFD2AA,0xFFFFD2AA,0xFFFFD2AA,0xFFFFD2AA,
  0xFFFFD2AA,0xFFFFD2AA,0xFFFFD2AA,0xFFFFD2AA,0xFFFFD2AA,0xFFFFD2AA,0xFFFFD2AA,0xFFFFD2AA,0xFFFFD2AA,0xFFFFD2AA,0x00000000,0x00000000,
  0x00000000,0x00000000,0x00000000,0xFF0A0C10,0xFFFFD2AA,0xFFFFD2AA,0xFFFFD2AA,0xFFFFD2AA,0xFFFFD2AA,0xFFFFD2AA,0xFFFFD2AA,0xFFFFD2AA,
  0xFFFFD2AA,0xFFFFD2AA,0xFFFFD2AA,0xFFFFD2AA,0xFFFFD2AA,0xFFFFD2AA,0xFFFFD2AA,0xFFFFD2AA,0xFFFFD2AA,0xFFFFD2AA,0xFFFFD2AA,0xFFFFD2AA,
  0xFFFFD2AA,0xFFFFD2AA,0xFFFFD2AA,0xFFFFD2AA,0xFFFFD2AA,0xFF0A0C10,0x00000000,0x00000000,0x00000000,0x00000000,0x00000000,0xFF0A0C10,
  0xFFE8A87C,0xFFE8A87C,0xFFE8A87C,0xFFE8A87C,0xFFE8A87C,0xFFE8A87C,0xFFE8A87C,0xFFE8A87C,0xFFE8A87C,0xFFE8A87C,0xFFE8A87C,0xFFE8A87C,
  0xFFE8A87C,0xFFE8A87C,0xFFE8A87C,0xFFE8A87C,0xFFE8A87C,0xFFE8A87C,0xFFE8A87C,0xFFE8A87C,0xFFE8A87C,0xFFE8A87C,0xFFE8A87C,0xFFE8A87C,
  0xFFE8A87C,0xFF0A0C10,0x00000000,0x00000000,0x00000000,0x00000000,0x00000000,0xFF0A0C10,0xFFE8A87C,0xFFE8A87C,0xFFE8A87C,0xFFE8A87C,
  0xFFE8A87C,0xFFE8A87C,0xFFE8A87C,0xFFE8A87C,0xFFE8A87C,0xFFE8A87C,0xFFE8A87C,0xFFE8A87C,0xFFE8A87C,0xFFE8A87C,0xFFE8A87C,0xFFE8A87C,
  0xFFE8A87C,0xFFE8A87C,0xFFE8A87C,0xFFE8A87C,0xFFE8A87C,0xFFE8A87C,0xFFE8A87C,0xFFE8A87C,0xFFE8A87C,0xFF0A0C10,0x00000000,0x00000000,
  0x00000000,0x00000000,0x00000000,0xFF0A0C10,0xFFE8A87C,0xFFE8A87C,0xFFE8A87C,0xFFE8A87C,0xFFE8A87C,0xFFE8A87C,0xFFE8A87C,0xFFE8A87C,
  0xFFE8A87C,0xFFE8A87C,0xFFE8A87C,0xFFE8A87C,0xFFE8A87C,0xFFE8A87C,0xFFE8A87C,0xFFE8A87C,0xFFE8A87C,0xFFE8A87C,0xFFE8A87C,0xFFE8A87C,
  0xFFE8A87C,0xFFE8A87C,0xFFE8A87C,0xFFE8A87C,0xFFE8A87C,0xFF0A0C10,0x00000000,0x00000000,0x00000000,0x00000000,0x00000000,0xFF0A0C10,
  0xFFE8A87C,0xFFE8A87C,0xFFE8A87C,0xFFE8A87C,0xFFE8A87C,0xFFE8A87C,0xFFE8A87C,0xFFE8A87C,0xFFE8A87C,0xFFE8A87C,0xFFE8A87C,0xFFE8A87C,
  0xFFE8A87C,0xFFE8A87C,0xFFE8A87C,0xFFE8A87C,0xFFE8A87C,0xFFE8A87C,0xFFE8A87C,0xFFE8A87C,0xFFE8A87C,0xFFE8A87C,0xFFE8A87C,0xFFE8A87C,
  0xFFE8A87C,0xFF0A0C10,0x00000000,0x00000000,0x00000000,0x00000000,0x00000000,0xFF0A0C10,0xFFE8A87C,0xFFE8A87C,0xFFE8A87C,0xFFE8A87C,
  0xFFE8A87C,0xFFE8A87C,0xFFE8A87C,0xFFE8A87C,0xFFE8A87C,0xFFE8A87C,0xFFE8A87C,0xFFE8A87C,0xFFE8A87C,0xFFE8A87C,0xFFE8A87C,0xFFE8A87C,
  0xFFE8A87C,0xFFE8A87C,0xFFE8A87C,0xFFE8A87C,0xFFE8A87C,0xFFE8A87C,0xFFE8A87C,0xFFE8A87C,0xFFE8A87C,0xFF0A0C10,0x00000000,0x00000000,
  0x00000000,0x00000000,0x00000000,0xFF0A0C10,0xFFE8A87C,0xFFE8A87C,0xFFE8A87C,0xFFE8A87C,0xFFE8A87C,0xFFE8A87C,0xFFE8A87C,0xFFE8A87C,
  0xFFE8A87C,0xFFE8A87C,0xFFE8A87C,0xFFE8A87C,0xFFE8A87C,0xFFE8A87C,0xFFE8A87C,0xFFE8A87C,0xFFE8A87C,0xFFE8A87C,0xFFE8A87C,0xFFE8A87C,
  0xFFE8A87C,0xFFE8A87C,0xFFE8A87C,0xFFE8A87C,0xFFE8A87C,0xFF0A0C10,0x00000000,0x00000000,0x00000000,0x00000000,0x00000000,0xFF0A0C10,
  0xFFE8A87C,0xFFE8A87C,0xFFE8A87C,0xFFE8A87C,0xFFE8A87C,0xFFE8A87C,0xFFE8A87C,0xFFE8A87C,0xFFE8A87C,0xFFE8A87C,0xFFE8A87C,0xFFE8A87C,
  0xFFE8A87C,0xFFE8A87C,0xFFE8A87C,0xFFE8A87C,0xFFE8A87C,0xFFE8A87C,0xFFE8A87C,0xFFE8A87C,0xFFE8A87C,0xFFE8A87C,0xFFE8A87C,0xFFE8A87C,
  0xFFE8A87C,0xFF0A0C10,0x00000000,0x00000000,0x00000000,0x00000000,0x00000000,0xFF0A0C10,0xFFE8A87C,0xFFE8A87C,0xFFE8A87C,0xFFE8A87C,
  0xFFE8A87C,0xFFE8A87C,0xFFE8A87C,0xFFE8A87C,0xFFE8A87C,0xFFE8A87C,0xFFE8A87C,0xFFE8A87C,0xFFE8A87C,0xFFE8A87C,0xFFE8A87C,0xFFE8A87C,
  0xFFE8A87C,0xFFE8A87C,0xFFE8A87C,0xFFE8A87C,0xFFE8A87C,0xFFE8A87C,0xFFE8A87C,0xFFE8A87C,0xFFE8A87C,0xFF0A0C10,0x00000000,0x00000000,
  0x00000000,0x00000000,0x00000000,0xFF0A0C10,0xFFE8A87C,0xFFE8A87C,0xFFE8A87C,0xFFE8A87C,0xFFE8A87C,0xFFE8A87C,0xFFE8A87C,0xFFE8A87C,
  0xFFE8A87C,0xFFE8A87C,0xFFE8A87C,0xFFE8A87C,0xFFE8A87C,0xFFE8A87C,0xFFE8A87C,0xFFE8A87C,0xFFE8A87C,0xFFE8A87C,0xFFE8A87C,0xFFE8A87C,
  0xFFE8A87C,0xFFE8A87C,0xFFE8A87C,0xFFE8A87C,0xFFE8A87C,0xFF0A0C10,0x00000000,0x00000000,0x00000000,0x00000000,0x00000000,0xFF0A0C10,
  0xFFE8A87C,0xFFE8A87C,0xFFE8A87C,0xFFE8A87C,0xFFE8A87C,0xFFE8A87C,0xFFE8A87C,0xFFE8A87C,0xFFE8A87C,0xFFE8A87C,0xFFE8A87C,0xFFE8A87C,
  0xFFE8A87C,0xFFE8A87C,0xFFE8A87C,0xFFE8A87C,0xFFE8A87C,0xFFE8A87C,0xFFE8A87C,0xFFE8A87C,0xFFE8A87C,0xFFE8A87C,0xFFE8A87C,0xFFE8A87C,
  0xFFE8A87C,0xFF0A0C10,0x00000000,0x00000000,0x00000000,0x00000000,0x00000000,0x00000000,0xFF0A0C10,0xFFE8A87C,0xFFE8A87C,0xFFE8A87C,
  0xFFE8A87C,0xFFE8A87C,0xFFE8A87C,0xFFE8A87C,0xFFE8A87C,0xFFE8A87C,0xFFE8A87C,0xFFE8A87C,0xFFE8A87C,0xFFE8A87C,0xFFE8A87C,0xFFE8A87C,
  0xFFE8A87C,0xFFE8A87C,0xFFE8A87C,0xFFE8A87C,0xFFE8A87C,0xFFE8A87C,0xFFE8A87C,0xFFE8A87C,0xFF0A0C10,0x00000000,0x00000000,0x00000000,
  0x00000000,0x00000000,0x00000000,0x00000000,0x00000000,0xFF0A0C10,0xFF0A0C10,0xFF0A0C10,0xFF0A0C10,0xFF0A0C10,0xFF0A0C10,0xFF0A0C10,
  0xFF0A0C10,0xFF0A0C10,0xFF0A0C10,0xFF0A0C10,0xFF0A0C10,0xFF0A0C10,0xFF0A0C10,0xFF0A0C10,0xFF0A0C10,0xFF0A0C10,0xFF0A0C10,0xFF0A0C10,
  0xFF0A0C10,0xFF0A0C10,0xFF0A0C10,0xFF0A0C10,0x00000000,0x00000000,0x00000000,0x00000000,0x00000000,0x00000000,0x00000000,0x00000000,
  0x00000000,0x00000000,0x00000000,0x00000000,0x00000000,0x00000000,0x00000000,0x00000000,0x00000000,0x00000000,0x00000000,0x00000000,
  0x00000000,0x00000000,0x00000000,0x00000000,0x00000000,0x00000000,0x00000000,0x00000000,0x00000000,0x00000000,0x00000000,0x00000000,
  0x00000000,0x00000000,0x00000000,0x00000000,0x00000000,0x00000000,0x00000000,0x00000000,0x00000000,0x00000000,0x00000000,0x00000000,
  0x00000000,0x00000000,0x00000000,0x00000000,0x00000000,0x00000000,0x00000000,0x00000000,0x00000000,0x00000000,0x00000000,0x00000000,
  0x00000000,0x00000000,0x00000000,0x00000000,0x00000000,0x00000000,0x00000000,0x00000000,0x00000000,0x00000000,0x00000000,0x00000000,
  0x00000000,0x00000000,0x00000000,0x00000000,0x00000000,0x00000000,0x00000000,0x00000000,0x00000000,0x00000000,0x00000000,0x00000000,
  0x00000000,0x00000000,0x00000000,0x00000000,0x00000000,0x00000000,0x00000000,0x00000000,0x00000000,0x00000000,0x00000000,0x00000000,
  0x00000000,0x00000000,0x00000000,0x00000000,0x00000000,0x00000000,0x00000000,0x00000000,0x00000000,0x00000000,0x00000000,0x00000000,
  0x00000000,0x00000000,0x00000000,0x00000000,0x00000000,0x00000000,0x00000000,0x00000000,0x00000000,0x00000000,0x00000000,0x00000000,
  0x00000000,0x00000000,0x00000000,0x00000000,0x00000000,0x00000000,0x00000000,0x00000000,0x00000000,0x00000000,0x00000000,0x00000000,
  0x00000000,0x00000000,0x00000000,0x00000000,
};
const int icon_FOLDER_w = 32;
const int icon_FOLDER_h = 32;

const u32 icon_FILE_pixels[1024] = {
  0x00000000,0x00000000,0x00000000,0x00000000,0x00000000,0x00000000,0x00000000,0x00000000,0x00000000,0x00000000,0x00000000,0x00000000,
  0x00000000,0x00000000,0x00000000,0x00000000,0x00000000,0x00000000,0x00000000,0x00000000,0x00000000,0x00000000,0x00000000,0x00000000,
  0x00000000,0x00000000,0x00000000,0x00000000,0x00000000,0x00000000,0x00000000,0x00000000,0x00000000,0x00000000,0x00000000,0x00000000,
  0x00000000,0x00000000,0x00000000,0x00000000,0x00000000,0x00000000,0x00000000,0x00000000,0x00000000,0x00000000,0x00000000,0x00000000,
  0x00000000,0x00000000,0x00000000,0x00000000,0x00000000,0x00000000,0x00000000,0x00000000,0x00000000,0x00000000,0x00000000,0x00000000,
  0x00000000,0x00000000,0x00000000,0x00000000,0x00000000,0x00000000,0x00000000,0x00000000,0x00000000,0x00000000,0x00000000,0x00000000,
  0x00000000,0x00000000,0x00000000,0x00000000,0x00000000,0x00000000,0x00000000,0x00000000,0x00000000,0x00000000,0x00000000,0x00000000,
  0x00000000,0x00000000,0x00000000,0x00000000,0x00000000,0x00000000,0x00000000,0x00000000,0x00000000,0x00000000,0x00000000,0x00000000,
  0x00000000,0x00000000,0x00000000,0x00000000,0x00000000,0x00000000,0x00000000,0x00000000,0x00000000,0x00000000,0x00000000,0x00000000,
  0x00000000,0x00000000,0x00000000,0x00000000,0x00000000,0x00000000,0x00000000,0x00000000,0x00000000,0x00000000,0x00000000,0x00000000,
  0x00000000,0x00000000,0x00000000,0x00000000,0x00000000,0x00000000,0x00000000,0x00000000,0x00000000,0x00000000,0x00000000,0x00000000,
  0x00000000,0x00000000,0x00000000,0xFF0A0C10,0xFF0A0C10,0xFF0A0C10,0xFF0A0C10,0xFF0A0C10,0xFF0A0C10,0xFF0A0C10,0xFF0A0C10,0xFF0A0C10,
  0xFF0A0C10,0xFF0A0C10,0xFF0A0C10,0xFF0A0C10,0xFF0A0C10,0x00000000,0x00000000,0x00000000,0x00000000,0x00000000,0x00000000,0x00000000,
  0x00000000,0x00000000,0x00000000,0x00000000,0x00000000,0x00000000,0x00000000,0x00000000,0x00000000,0x00000000,0x00000000,0xFF0A0C10,
  0xFFE6E8EE,0xFFE6E8EE,0xFFE6E8EE,0xFFE6E8EE,0xFFE6E8EE,0xFFE6E8EE,0xFFE6E8EE,0xFFE6E8EE,0xFFE6E8EE,0xFFE6E8EE,0xFFE6E8EE,0xFFE6E8EE,
  0xFF0A0C10,0xFF0A0C10,0x00000000,0x00000000,0x00000000,0x00000000,0x00000000,0x00000000,0x00000000,0x00000000,0x00000000,0x00000000,
  0x00000000,0x00000000,0x00000000,0x00000000,0x00000000,0x00000000,0x00000000,0xFF0A0C10,0xFFE6E8EE,0xFFE6E8EE,0xFFE6E8EE,0xFFE6E8EE,
  0xFFE6E8EE,0xFFE6E8EE,0xFFE6E8EE,0xFFE6E8EE,0xFFE6E8EE,0xFFE6E8EE,0xFFE6E8EE,0xFFE6E8EE,0xFF0A0C10,0xFF8B93A0,0xFF0A0C10,0x00000000,
  0x00000000,0x00000000,0x00000000,0x00000000,0x00000000,0x00000000,0x00000000,0x00000000,0x00000000,0x00000000,0x00000000,0x00000000,
  0x00000000,0x00000000,0x00000000,0xFF0A0C10,0xFFE6E8EE,0xFFE6E8EE,0xFFE6E8EE,0xFFE6E8EE,0xFFE6E8EE,0xFFE6E8EE,0xFFE6E8EE,0xFFE6E8EE,
  0xFFE6E8EE,0xFFE6E8EE,0xFFE6E8EE,0xFFE6E8EE,0xFF0A0C10,0xFF8B93A0,0xFF8B93A0,0xFF0A0C10,0x00000000,0x00000000,0x00000000,0x00000000,
  0x00000000,0x00000000,0x00000000,0x00000000,0x00000000,0x00000000,0x00000000,0x00000000,0x00000000,0x00000000,0x00000000,0xFF0A0C10,
  0xFFE6E8EE,0xFFE6E8EE,0xFFE6E8EE,0xFFE6E8EE,0xFFE6E8EE,0xFFE6E8EE,0xFFE6E8EE,0xFFE6E8EE,0xFFE6E8EE,0xFFE6E8EE,0xFFE6E8EE,0xFFE6E8EE,
  0xFF0A0C10,0xFF8B93A0,0xFF8B93A0,0xFF8B93A0,0xFF0A0C10,0x00000000,0x00000000,0x00000000,0x00000000,0x00000000,0x00000000,0x00000000,
  0x00000000,0x00000000,0x00000000,0x00000000,0x00000000,0x00000000,0x00000000,0xFF0A0C10,0xFFE6E8EE,0xFFE6E8EE,0xFFE6E8EE,0xFFE6E8EE,
  0xFFE6E8EE,0xFFE6E8EE,0xFFE6E8EE,0xFFE6E8EE,0xFFE6E8EE,0xFFE6E8EE,0xFFE6E8EE,0xFFE6E8EE,0xFF0A0C10,0xFF8B93A0,0xFF8B93A0,0xFF8B93A0,
  0xFF8B93A0,0xFF0A0C10,0x00000000,0x00000000,0x00000000,0x00000000,0x00000000,0x00000000,0x00000000,0x00000000,0x00000000,0x00000000,
  0x00000000,0x00000000,0x00000000,0xFF0A0C10,0xFFE6E8EE,0xFFE6E8EE,0xFFE6E8EE,0xFFE6E8EE,0xFFE6E8EE,0xFFE6E8EE,0xFFE6E8EE,0xFFE6E8EE,
  0xFFE6E8EE,0xFFE6E8EE,0xFFE6E8EE,0xFFE6E8EE,0xFF0A0C10,0xFF8B93A0,0xFF8B93A0,0xFF8B93A0,0xFF8B93A0,0xFF8B93A0,0xFF0A0C10,0x00000000,
  0x00000000,0x00000000,0x00000000,0x00000000,0x00000000,0x00000000,0x00000000,0x00000000,0x00000000,0x00000000,0x00000000,0xFF0A0C10,
  0xFFE6E8EE,0xFFE6E8EE,0xFFE6E8EE,0xFFE6E8EE,0xFFE6E8EE,0xFFE6E8EE,0xFFE6E8EE,0xFFE6E8EE,0xFFE6E8EE,0xFFE6E8EE,0xFFE6E8EE,0xFFE6E8EE,
  0xFF0A0C10,0xFF0A0C10,0xFF0A0C10,0xFF0A0C10,0xFF0A0C10,0xFF0A0C10,0xFF0A0C10,0xFF0A0C10,0x00000000,0x00000000,0x00000000,0x00000000,
  0x00000000,0x00000000,0x00000000,0x00000000,0x00000000,0x00000000,0x00000000,0xFF0A0C10,0xFFE6E8EE,0xFFE6E8EE,0xFFE6E8EE,0xFFE6E8EE,
  0xFFE6E8EE,0xFFE6E8EE,0xFFE6E8EE,0xFFE6E8EE,0xFFE6E8EE,0xFFE6E8EE,0xFFE6E8EE,0xFFE6E8EE,0xFFE6E8EE,0xFFE6E8EE,0xFFE6E8EE,0xFFE6E8EE,
  0xFFE6E8EE,0xFFE6E8EE,0xFFE6E8EE,0xFF0A0C10,0x00000000,0x00000000,0x00000000,0x00000000,0x00000000,0x00000000,0x00000000,0x00000000,
  0x00000000,0x00000000,0x00000000,0xFF0A0C10,0xFFE6E8EE,0xFFE6E8EE,0xFFE6E8EE,0xFFE6E8EE,0xFFE6E8EE,0xFFE6E8EE,0xFFE6E8EE,0xFFE6E8EE,
  0xFFE6E8EE,0xFFE6E8EE,0xFFE6E8EE,0xFFE6E8EE,0xFFE6E8EE,0xFFE6E8EE,0xFFE6E8EE,0xFFE6E8EE,0xFFE6E8EE,0xFFE6E8EE,0xFFE6E8EE,0xFF0A0C10,
  0x00000000,0x00000000,0x00000000,0x00000000,0x00000000,0x00000000,0x00000000,0x00000000,0x00000000,0x00000000,0x00000000,0xFF0A0C10,
  0xFFE6E8EE,0xFFE6E8EE,0xFFE6E8EE,0xFFE6E8EE,0xFFE6E8EE,0xFFE6E8EE,0xFFE6E8EE,0xFFE6E8EE,0xFFE6E8EE,0xFFE6E8EE,0xFFE6E8EE,0xFFE6E8EE,
  0xFFE6E8EE,0xFFE6E8EE,0xFFE6E8EE,0xFFE6E8EE,0xFFE6E8EE,0xFFE6E8EE,0xFFE6E8EE,0xFF0A0C10,0x00000000,0x00000000,0x00000000,0x00000000,
  0x00000000,0x00000000,0x00000000,0x00000000,0x00000000,0x00000000,0x00000000,0xFF0A0C10,0xFFE6E8EE,0xFFE6E8EE,0xFF5A626E,0xFF5A626E,
  0xFF5A626E,0xFF5A626E,0xFF5A626E,0xFF5A626E,0xFF5A626E,0xFF5A626E,0xFF5A626E,0xFF5A626E,0xFF5A626E,0xFF5A626E,0xFF5A626E,0xFF5A626E,
  0xFF5A626E,0xFFE6E8EE,0xFFE6E8EE,0xFF0A0C10,0x00000000,0x00000000,0x00000000,0x00000000,0x00000000,0x00000000,0x00000000,0x00000000,
  0x00000000,0x00000000,0x00000000,0xFF0A0C10,0xFFE6E8EE,0xFFE6E8EE,0xFFE6E8EE,0xFFE6E8EE,0xFFE6E8EE,0xFFE6E8EE,0xFFE6E8EE,0xFFE6E8EE,
  0xFFE6E8EE,0xFFE6E8EE,0xFFE6E8EE,0xFFE6E8EE,0xFFE6E8EE,0xFFE6E8EE,0xFFE6E8EE,0xFFE6E8EE,0xFFE6E8EE,0xFFE6E8EE,0xFFE6E8EE,0xFF0A0C10,
  0x00000000,0x00000000,0x00000000,0x00000000,0x00000000,0x00000000,0x00000000,0x00000000,0x00000000,0x00000000,0x00000000,0xFF0A0C10,
  0xFFE6E8EE,0xFFE6E8EE,0xFFE6E8EE,0xFFE6E8EE,0xFFE6E8EE,0xFFE6E8EE,0xFFE6E8EE,0xFFE6E8EE,0xFFE6E8EE,0xFFE6E8EE,0xFFE6E8EE,0xFFE6E8EE,
  0xFFE6E8EE,0xFFE6E8EE,0xFFE6E8EE,0xFFE6E8EE,0xFFE6E8EE,0xFFE6E8EE,0xFFE6E8EE,0xFF0A0C10,0x00000000,0x00000000,0x00000000,0x00000000,
  0x00000000,0x00000000,0x00000000,0x00000000,0x00000000,0x00000000,0x00000000,0xFF0A0C10,0xFFE6E8EE,0xFFE6E8EE,0xFFE6E8EE,0xFFE6E8EE,
  0xFFE6E8EE,0xFFE6E8EE,0xFFE6E8EE,0xFFE6E8EE,0xFFE6E8EE,0xFFE6E8EE,0xFFE6E8EE,0xFFE6E8EE,0xFFE6E8EE,0xFFE6E8EE,0xFFE6E8EE,0xFFE6E8EE,
  0xFFE6E8EE,0xFFE6E8EE,0xFFE6E8EE,0xFF0A0C10,0x00000000,0x00000000,0x00000000,0x00000000,0x00000000,0x00000000,0x00000000,0x00000000,
  0x00000000,0x00000000,0x00000000,0xFF0A0C10,0xFFE6E8EE,0xFFE6E8EE,0xFF5A626E,0xFF5A626E,0xFF5A626E,0xFF5A626E,0xFF5A626E,0xFF5A626E,
  0xFF5A626E,0xFF5A626E,0xFF5A626E,0xFF5A626E,0xFF5A626E,0xFF5A626E,0xFF5A626E,0xFF5A626E,0xFF5A626E,0xFFE6E8EE,0xFFE6E8EE,0xFF0A0C10,
  0x00000000,0x00000000,0x00000000,0x00000000,0x00000000,0x00000000,0x00000000,0x00000000,0x00000000,0x00000000,0x00000000,0xFF0A0C10,
  0xFFE6E8EE,0xFFE6E8EE,0xFFE6E8EE,0xFFE6E8EE,0xFFE6E8EE,0xFFE6E8EE,0xFFE6E8EE,0xFFE6E8EE,0xFFE6E8EE,0xFFE6E8EE,0xFFE6E8EE,0xFFE6E8EE,
  0xFFE6E8EE,0xFFE6E8EE,0xFFE6E8EE,0xFFE6E8EE,0xFFE6E8EE,0xFFE6E8EE,0xFFE6E8EE,0xFF0A0C10,0x00000000,0x00000000,0x00000000,0x00000000,
  0x00000000,0x00000000,0x00000000,0x00000000,0x00000000,0x00000000,0x00000000,0xFF0A0C10,0xFFE6E8EE,0xFFE6E8EE,0xFFE6E8EE,0xFFE6E8EE,
  0xFFE6E8EE,0xFFE6E8EE,0xFFE6E8EE,0xFFE6E8EE,0xFFE6E8EE,0xFFE6E8EE,0xFFE6E8EE,0xFFE6E8EE,0xFFE6E8EE,0xFFE6E8EE,0xFFE6E8EE,0xFFE6E8EE,
  0xFFE6E8EE,0xFFE6E8EE,0xFFE6E8EE,0xFF0A0C10,0x00000000,0x00000000,0x00000000,0x00000000,0x00000000,0x00000000,0x00000000,0x00000000,
  0x00000000,0x00000000,0x00000000,0xFF0A0C10,0xFFE6E8EE,0xFFE6E8EE,0xFFE6E8EE,0xFFE6E8EE,0xFFE6E8EE,0xFFE6E8EE,0xFFE6E8EE,0xFFE6E8EE,
  0xFFE6E8EE,0xFFE6E8EE,0xFFE6E8EE,0xFFE6E8EE,0xFFE6E8EE,0xFFE6E8EE,0xFFE6E8EE,0xFFE6E8EE,0xFFE6E8EE,0xFFE6E8EE,0xFFE6E8EE,0xFF0A0C10,
  0x00000000,0x00000000,0x00000000,0x00000000,0x00000000,0x00000000,0x00000000,0x00000000,0x00000000,0x00000000,0x00000000,0xFF0A0C10,
  0xFFE6E8EE,0xFFE6E8EE,0xFF5A626E,0xFF5A626E,0xFF5A626E,0xFF5A626E,0xFF5A626E,0xFF5A626E,0xFF5A626E,0xFF5A626E,0xFF5A626E,0xFF5A626E,
  0xFF5A626E,0xFF5A626E,0xFF5A626E,0xFF5A626E,0xFF5A626E,0xFFE6E8EE,0xFFE6E8EE,0xFF0A0C10,0x00000000,0x00000000,0x00000000,0x00000000,
  0x00000000,0x00000000,0x00000000,0x00000000,0x00000000,0x00000000,0x00000000,0xFF0A0C10,0xFFE6E8EE,0xFFE6E8EE,0xFFE6E8EE,0xFFE6E8EE,
  0xFFE6E8EE,0xFFE6E8EE,0xFFE6E8EE,0xFFE6E8EE,0xFFE6E8EE,0xFFE6E8EE,0xFFE6E8EE,0xFFE6E8EE,0xFFE6E8EE,0xFFE6E8EE,0xFFE6E8EE,0xFFE6E8EE,
  0xFFE6E8EE,0xFFE6E8EE,0xFFE6E8EE,0xFF0A0C10,0x00000000,0x00000000,0x00000000,0x00000000,0x00000000,0x00000000,0x00000000,0x00000000,
  0x00000000,0x00000000,0x00000000,0xFF0A0C10,0xFFE6E8EE,0xFFE6E8EE,0xFFE6E8EE,0xFFE6E8EE,0xFFE6E8EE,0xFFE6E8EE,0xFFE6E8EE,0xFFE6E8EE,
  0xFFE6E8EE,0xFFE6E8EE,0xFFE6E8EE,0xFFE6E8EE,0xFFE6E8EE,0xFFE6E8EE,0xFFE6E8EE,0xFFE6E8EE,0xFFE6E8EE,0xFFE6E8EE,0xFFE6E8EE,0xFF0A0C10,
  0x00000000,0x00000000,0x00000000,0x00000000,0x00000000,0x00000000,0x00000000,0x00000000,0x00000000,0x00000000,0x00000000,0xFF0A0C10,
  0xFFE6E8EE,0xFFE6E8EE,0xFFE6E8EE,0xFFE6E8EE,0xFFE6E8EE,0xFFE6E8EE,0xFFE6E8EE,0xFFE6E8EE,0xFFE6E8EE,0xFFE6E8EE,0xFFE6E8EE,0xFFE6E8EE,
  0xFFE6E8EE,0xFFE6E8EE,0xFFE6E8EE,0xFFE6E8EE,0xFFE6E8EE,0xFFE6E8EE,0xFFE6E8EE,0xFF0A0C10,0x00000000,0x00000000,0x00000000,0x00000000,
  0x00000000,0x00000000,0x00000000,0x00000000,0x00000000,0x00000000,0x00000000,0xFF0A0C10,0xFFE6E8EE,0xFFE6E8EE,0xFFE6E8EE,0xFFE6E8EE,
  0xFFE6E8EE,0xFFE6E8EE,0xFFE6E8EE,0xFFE6E8EE,0xFFE6E8EE,0xFFE6E8EE,0xFFE6E8EE,0xFFE6E8EE,0xFFE6E8EE,0xFFE6E8EE,0xFFE6E8EE,0xFFE6E8EE,
  0xFFE6E8EE,0xFFE6E8EE,0xFFE6E8EE,0xFF0A0C10,0x00000000,0x00000000,0x00000000,0x00000000,0x00000000,0x00000000,0x00000000,0x00000000,
  0x00000000,0x00000000,0x00000000,0xFF0A0C10,0xFF0A0C10,0xFF0A0C10,0xFF0A0C10,0xFF0A0C10,0xFF0A0C10,0xFF0A0C10,0xFF0A0C10,0xFF0A0C10,
  0xFF0A0C10,0xFF0A0C10,0xFF0A0C10,0xFF0A0C10,0xFF0A0C10,0xFF0A0C10,0xFF0A0C10,0xFF0A0C10,0xFF0A0C10,0xFF0A0C10,0xFF0A0C10,0xFF0A0C10,
  0x00000000,0x00000000,0x00000000,0x00000000,0x00000000,0x00000000,0x00000000,0x00000000,0x00000000,0x00000000,0x00000000,0x00000000,
  0x00000000,0x00000000,0x00000000,0x00000000,0x00000000,0x00000000,0x00000000,0x00000000,0x00000000,0x00000000,0x00000000,0x00000000,
  0x00000000,0x00000000,0x00000000,0x00000000,0x00000000,0x00000000,0x00000000,0x00000000,0x00000000,0x00000000,0x00000000,0x00000000,
  0x00000000,0x00000000,0x00000000,0x00000000,0x00000000,0x00000000,0x00000000,0x00000000,0x00000000,0x00000000,0x00000000,0x00000000,
  0x00000000,0x00000000,0x00000000,0x00000000,0x00000000,0x00000000,0x00000000,0x00000000,0x00000000,0x00000000,0x00000000,0x00000000,
  0x00000000,0x00000000,0x00000000,0x00000000,0x00000000,0x00000000,0x00000000,0x00000000,0x00000000,0x00000000,0x00000000,0x00000000,
  0x00000000,0x00000000,0x00000000,0x00000000,0x00000000,0x00000000,0x00000000,0x00000000,0x00000000,0x00000000,0x00000000,0x00000000,
  0x00000000,0x00000000,0x00000000,0x00000000,0x00000000,0x00000000,0x00000000,0x00000000,0x00000000,0x00000000,0x00000000,0x00000000,
  0x00000000,0x00000000,0x00000000,0x00000000,
};
const int icon_FILE_w = 32;
const int icon_FILE_h = 32;

const u32 icon_HOME_pixels[1024] = {
  0x00000000,0x00000000,0x00000000,0x00000000,0x00000000,0x00000000,0x00000000,0x00000000,0x00000000,0x00000000,0x00000000,0x00000000,
  0x00000000,0x00000000,0x00000000,0x00000000,0x00000000,0x00000000,0x00000000,0x00000000,0x00000000,0x00000000,0x00000000,0x00000000,
  0x00000000,0x00000000,0x00000000,0x00000000,0x00000000,0x00000000,0x00000000,0x00000000,0x00000000,0x00000000,0x00000000,0x00000000,
  0x00000000,0x00000000,0x00000000,0x00000000,0x00000000,0x00000000,0x00000000,0x00000000,0x00000000,0x00000000,0x00000000,0x00000000,
  0x00000000,0x00000000,0x00000000,0x00000000,0x00000000,0x00000000,0x00000000,0x00000000,0x00000000,0x00000000,0x00000000,0x00000000,
  0x00000000,0x00000000,0x00000000,0x00000000,0x00000000,0x00000000,0x00000000,0x00000000,0x00000000,0x00000000,0x00000000,0x00000000,
  0x00000000,0x00000000,0x00000000,0x00000000,0x00000000,0x00000000,0x00000000,0x00000000,0x00000000,0x00000000,0x00000000,0x00000000,
  0x00000000,0x00000000,0x00000000,0x00000000,0x00000000,0x00000000,0x00000000,0x00000000,0x00000000,0x00000000,0x00000000,0x00000000,
  0x00000000,0x00000000,0x00000000,0x00000000,0x00000000,0x00000000,0x00000000,0x00000000,0x00000000,0x00000000,0x00000000,0x00000000,
  0x00000000,0x00000000,0x00000000,0xFF0A0C10,0x00000000,0x00000000,0x00000000,0x00000000,0x00000000,0x00000000,0x00000000,0x00000000,
  0x00000000,0x00000000,0x00000000,0x00000000,0x00000000,0x00000000,0x00000000,0x00000000,0x00000000,0x00000000,0x00000000,0x00000000,
  0x00000000,0x00000000,0x00000000,0x00000000,0x00000000,0x00000000,0x00000000,0x00000000,0x00000000,0x00000000,0xFF0A0C10,0xFFE8A87C,
  0xFF0A0C10,0x00000000,0x00000000,0x00000000,0x00000000,0x00000000,0x00000000,0x00000000,0x00000000,0x00000000,0x00000000,0x00000000,
  0x00000000,0x00000000,0x00000000,0x00000000,0x00000000,0x00000000,0x00000000,0x00000000,0x00000000,0x00000000,0x00000000,0x00000000,
  0x00000000,0x00000000,0x00000000,0x00000000,0x00000000,0xFF0A0C10,0xFFE8A87C,0xFFE8A87C,0xFFE8A87C,0xFF0A0C10,0x00000000,0x00000000,
  0x00000000,0x00000000,0x00000000,0x00000000,0x00000000,0x00000000,0x00000000,0x00000000,0x00000000,0x00000000,0x00000000,0x00000000,
  0x00000000,0x00000000,0x00000000,0x00000000,0x00000000,0x00000000,0x00000000,0x00000000,0x00000000,0x00000000,0x00000000,0x00000000,
  0xFF0A0C10,0xFFE8A87C,0xFFE8A87C,0xFFE8A87C,0xFFE8A87C,0xFFE8A87C,0xFF0A0C10,0x00000000,0x00000000,0x00000000,0x00000000,0x00000000,
  0x00000000,0x00000000,0x00000000,0x00000000,0x00000000,0x00000000,0x00000000,0x00000000,0x00000000,0x00000000,0x00000000,0x00000000,
  0x00000000,0x00000000,0x00000000,0x00000000,0x00000000,0x00000000,0x00000000,0xFF0A0C10,0xFFE8A87C,0xFFE8A87C,0xFFE8A87C,0xFFE8A87C,
  0xFFE8A87C,0xFFE8A87C,0xFFE8A87C,0xFF0A0C10,0x00000000,0x00000000,0x00000000,0x00000000,0x00000000,0x00000000,0x00000000,0x00000000,
  0x00000000,0x00000000,0x00000000,0x00000000,0x00000000,0x00000000,0x00000000,0x00000000,0x00000000,0x00000000,0x00000000,0x00000000,
  0x00000000,0x00000000,0xFF0A0C10,0xFFE8A87C,0xFFE8A87C,0xFFE8A87C,0xFFE8A87C,0xFFE8A87C,0xFFE8A87C,0xFFE8A87C,0xFFE8A87C,0xFFE8A87C,
  0xFF0A0C10,0x00000000,0x00000000,0x00000000,0x00000000,0x00000000,0x00000000,0x00000000,0x00000000,0x00000000,0x00000000,0x00000000,
  0x00000000,0x00000000,0x00000000,0x00000000,0x00000000,0x00000000,0x00000000,0x00000000,0x00000000,0xFF0A0C10,0xFFE8A87C,0xFFE8A87C,
  0xFFE8A87C,0xFFE8A87C,0xFFE8A87C,0xFFE8A87C,0xFFE8A87C,0xFFE8A87C,0xFFE8A87C,0xFFE8A87C,0xFFE8A87C,0xFF0A0C10,0x00000000,0x00000000,
  0x00000000,0x00000000,0x00000000,0x00000000,0x00000000,0x00000000,0x00000000,0x00000000,0x00000000,0x00000000,0x00000000,0x00000000,
  0x00000000,0x00000000,0x00000000,0x00000000,0xFF0A0C10,0xFFE8A87C,0xFFE8A87C,0xFFE8A87C,0xFFE8A87C,0xFFE8A87C,0xFFE8A87C,0xFFE8A87C,
  0xFFE8A87C,0xFFE8A87C,0xFFE8A87C,0xFFE8A87C,0xFFE8A87C,0xFFE8A87C,0xFF0A0C10,0xFF0A0C10,0x00000000,0x00000000,0x00000000,0x00000000,
  0x00000000,0x00000000,0x00000000,0x00000000,0x00000000,0x00000000,0x00000000,0x00000000,0x00000000,0x00000000,0x00000000,0xFF0A0C10,
  0xFFE8A87C,0xFFE8A87C,0xFFE8A87C,0xFFE8A87C,0xFFE8A87C,0xFFE8A87C,0xFFE8A87C,0xFFE8A87C,0xFFE8A87C,0xFFE8A87C,0xFFE8A87C,0xFFE8A87C,
  0xFFE8A87C,0xFFE8A87C,0xFFE8A87C,0xFFE8A87C,0xFF0A0C10,0x00000000,0x00000000,0x00000000,0x00000000,0x00000000,0x00000000,0x00000000,
  0x00000000,0x00000000,0x00000000,0x00000000,0x00000000,0x00000000,0xFF0A0C10,0xFFE8A87C,0xFFE8A87C,0xFFE8A87C,0xFFE8A87C,0xFFE8A87C,
  0xFFE8A87C,0xFFE8A87C,0xFFE8A87C,0xFFE8A87C,0xFFE8A87C,0xFFE8A87C,0xFFE8A87C,0xFFE8A87C,0xFFE8A87C,0xFFE8A87C,0xFFE8A87C,0xFFE8A87C,
  0xFFE8A87C,0xFF0A0C10,0x00000000,0x00000000,0x00000000,0x00000000,0x00000000,0x00000000,0x00000000,0x00000000,0x00000000,0x00000000,
  0x00000000,0xFF0A0C10,0xFFE8A87C,0xFFE8A87C,0xFFE8A87C,0xFFE8A87C,0xFFE8A87C,0xFFE8A87C,0xFFE8A87C,0xFFE8A87C,0xFFE8A87C,0xFFE8A87C,
  0xFFE8A87C,0xFFE8A87C,0xFFE8A87C,0xFFE8A87C,0xFFE8A87C,0xFFE8A87C,0xFFE8A87C,0xFFE8A87C,0xFFE8A87C,0xFFE8A87C,0xFF0A0C10,0x00000000,
  0x00000000,0x00000000,0x00000000,0x00000000,0x00000000,0x00000000,0x00000000,0x00000000,0xFF0A0C10,0xFFE8A87C,0xFFE8A87C,0xFFE8A87C,
  0xFFE8A87C,0xFFE8A87C,0xFFE8A87C,0xFFE8A87C,0xFFE8A87C,0xFFE8A87C,0xFFE8A87C,0xFFE8A87C,0xFFE8A87C,0xFFE8A87C,0xFFE8A87C,0xFFE8A87C,
  0xFFE8A87C,0xFFE8A87C,0xFFE8A87C,0xFFE8A87C,0xFFE8A87C,0xFFE8A87C,0xFFE8A87C,0xFF0A0C10,0x00000000,0x00000000,0x00000000,0x00000000,
  0x00000000,0x00000000,0x00000000,0xFF0A0C10,0xFFE8A87C,0xFFE8A87C,0xFFE8A87C,0xFFE8A87C,0xFFE8A87C,0xFFE8A87C,0xFFE8A87C,0xFFE8A87C,
  0xFFE8A87C,0xFFE8A87C,0xFFE8A87C,0xFFE8A87C,0xFFE8A87C,0xFFE8A87C,0xFFE8A87C,0xFFE8A87C,0xFFE8A87C,0xFFE8A87C,0xFFE8A87C,0xFFE8A87C,
  0xFFE8A87C,0xFFE8A87C,0xFFE8A87C,0xFFE8A87C,0xFF0A0C10,0x00000000,0x00000000,0x00000000,0x00000000,0x00000000,0xFF0A0C10,0xFF0A0C10,
  0xFF0A0C10,0xFF0A0C10,0xFF0A0C10,0xFF0A0C10,0xFF0A0C10,0xFF0A0C10,0xFF0A0C10,0xFF0A0C10,0xFF0A0C10,0xFF0A0C10,0xFF0A0C10,0xFF0A0C10,
  0xFF0A0C10,0xFF0A0C10,0xFF0A0C10,0xFF0A0C10,0xFF0A0C10,0xFF0A0C10,0xFF0A0C10,0xFF0A0C10,0xFF0A0C10,0xFF0A0C10,0xFF0A0C10,0xFF0A0C10,
  0xFF0A0C10,0xFF0A0C10,0x00000000,0x00000000,0x00000000,0x00000000,0x00000000,0x00000000,0x00000000,0x00000000,0xFF0A0C10,0xFF272D37,
  0xFF272D37,0xFF272D37,0xFF272D37,0xFF272D37,0xFF272D37,0xFF272D37,0xFF272D37,0xFF272D37,0xFF272D37,0xFF272D37,0xFF272D37,0xFF272D37,
  0xFF272D37,0xFF272D37,0xFF272D37,0xFF272D37,0xFF272D37,0xFF0A0C10,0x00000000,0x00000000,0x00000000,0x00000000,0x00000000,0x00000000,
  0x00000000,0x00000000,0x00000000,0x00000000,0x00000000,0x00000000,0xFF0A0C10,0xFF272D37,0xFFE6E8EE,0xFFE6E8EE,0xFFE6E8EE,0xFFE6E8EE,
  0xFF272D37,0xFF0A0C10,0xFF0A0C10,0xFF0A0C10,0xFF0A0C10,0xFF0A0C10,0xFF0A0C10,0xFF272D37,0xFFE6E8EE,0xFFE6E8EE,0xFFE6E8EE,0xFFE6E8EE,
  0xFF272D37,0xFF0A0C10,0x00000000,0x00000000,0x00000000,0x00000000,0x00000000,0x00000000,0x00000000,0x00000000,0x00000000,0x00000000,
  0x00000000,0x00000000,0xFF0A0C10,0xFF272D37,0xFFE6E8EE,0xFFE6E8EE,0xFFE6E8EE,0xFFE6E8EE,0xFF272D37,0xFF0A0C10,0xFFB07A55,0xFFB07A55,
  0xFFB07A55,0xFFB07A55,0xFF0A0C10,0xFF272D37,0xFFE6E8EE,0xFFE6E8EE,0xFFE6E8EE,0xFFE6E8EE,0xFF272D37,0xFF0A0C10,0x00000000,0x00000000,
  0x00000000,0x00000000,0x00000000,0x00000000,0x00000000,0x00000000,0x00000000,0x00000000,0x00000000,0x00000000,0xFF0A0C10,0xFF272D37,
  0xFFE6E8EE,0xFFE6E8EE,0xFFE6E8EE,0xFFE6E8EE,0xFF272D37,0xFF0A0C10,0xFFB07A55,0xFFB07A55,0xFFB07A55,0xFFB07A55,0xFF0A0C10,0xFF272D37,
  0xFFE6E8EE,0xFFE6E8EE,0xFFE6E8EE,0xFFE6E8EE,0xFF272D37,0xFF0A0C10,0x00000000,0x00000000,0x00000000,0x00000000,0x00000000,0x00000000,
  0x00000000,0x00000000,0x00000000,0x00000000,0x00000000,0x00000000,0xFF0A0C10,0xFF272D37,0xFFE6E8EE,0xFFE6E8EE,0xFFE6E8EE,0xFFE6E8EE,
  0xFF272D37,0xFF0A0C10,0xFFB07A55,0xFFB07A55,0xFFB07A55,0xFFB07A55,0xFF0A0C10,0xFF272D37,0xFFE6E8EE,0xFFE6E8EE,0xFFE6E8EE,0xFFE6E8EE,
  0xFF272D37,0xFF0A0C10,0x00000000,0x00000000,0x00000000,0x00000000,0x00000000,0x00000000,0x00000000,0x00000000,0x00000000,0x00000000,
  0x00000000,0x00000000,0xFF0A0C10,0xFF272D37,0xFF272D37,0xFF272D37,0xFF272D37,0xFF272D37,0xFF272D37,0xFF0A0C10,0xFFB07A55,0xFFB07A55,
  0xFFB07A55,0xFFB07A55,0xFF0A0C10,0xFF272D37,0xFF272D37,0xFF272D37,0xFF272D37,0xFF272D37,0xFF272D37,0xFF0A0C10,0x00000000,0x00000000,
  0x00000000,0x00000000,0x00000000,0x00000000,0x00000000,0x00000000,0x00000000,0x00000000,0x00000000,0x00000000,0xFF0A0C10,0xFF272D37,
  0xFF272D37,0xFF272D37,0xFF272D37,0xFF272D37,0xFF272D37,0xFF0A0C10,0xFFB07A55,0xFFB07A55,0xFFB07A55,0xFFB07A55,0xFF0A0C10,0xFF272D37,
  0xFF272D37,0xFF272D37,0xFF272D37,0xFF272D37,0xFF272D37,0xFF0A0C10,0x00000000,0x00000000,0x00000000,0x00000000,0x00000000,0x00000000,
  0x00000000,0x00000000,0x00000000,0x00000000,0x00000000,0x00000000,0xFF0A0C10,0xFF272D37,0xFF272D37,0xFF272D37,0xFF272D37,0xFF272D37,
  0xFF272D37,0xFF0A0C10,0xFFB07A55,0xFFB07A55,0xFFB07A55,0xFFB07A55,0xFF0A0C10,0xFF272D37,0xFF272D37,0xFF272D37,0xFF272D37,0xFF272D37,
  0xFF272D37,0xFF0A0C10,0x00000000,0x00000000,0x00000000,0x00000000,0x00000000,0x00000000,0x00000000,0x00000000,0x00000000,0x00000000,
  0x00000000,0x00000000,0xFF0A0C10,0xFF272D37,0xFF272D37,0xFF272D37,0xFF272D37,0xFF272D37,0xFF272D37,0xFF0A0C10,0xFFB07A55,0xFFB07A55,
  0xFFB07A55,0xFFB07A55,0xFF0A0C10,0xFF272D37,0xFF272D37,0xFF272D37,0xFF272D37,0xFF272D37,0xFF272D37,0xFF0A0C10,0x00000000,0x00000000,
  0x00000000,0x00000000,0x00000000,0x00000000,0x00000000,0x00000000,0x00000000,0x00000000,0x00000000,0x00000000,0xFF0A0C10,0xFF272D37,
  0xFF272D37,0xFF272D37,0xFF272D37,0xFF272D37,0xFF272D37,0xFF0A0C10,0xFFB07A55,0xFFB07A55,0xFFB07A55,0xFFB07A55,0xFF0A0C10,0xFF272D37,
  0xFF272D37,0xFF272D37,0xFF272D37,0xFF272D37,0xFF272D37,0xFF0A0C10,0x00000000,0x00000000,0x00000000,0x00000000,0x00000000,0x00000000,
  0x00000000,0x00000000,0x00000000,0x00000000,0x00000000,0x00000000,0xFF0A0C10,0xFF272D37,0xFF272D37,0xFF272D37,0xFF272D37,0xFF272D37,
  0xFF272D37,0xFF0A0C10,0xFFB07A55,0xFFB07A55,0xFFB07A55,0xFFB07A55,0xFF0A0C10,0xFF272D37,0xFF272D37,0xFF272D37,0xFF272D37,0xFF272D37,
  0xFF272D37,0xFF0A0C10,0x00000000,0x00000000,0x00000000,0x00000000,0x00000000,0x00000000,0x00000000,0x00000000,0x00000000,0x00000000,
  0x00000000,0x00000000,0xFF0A0C10,0xFF0A0C10,0xFF0A0C10,0xFF0A0C10,0xFF0A0C10,0xFF0A0C10,0xFF0A0C10,0xFF0A0C10,0xFF0A0C10,0xFF0A0C10,
  0xFF0A0C10,0xFF0A0C10,0xFF0A0C10,0xFF0A0C10,0xFF0A0C10,0xFF0A0C10,0xFF0A0C10,0xFF0A0C10,0xFF0A0C10,0xFF0A0C10,0x00000000,0x00000000,
  0x00000000,0x00000000,0x00000000,0x00000000,0x00000000,0x00000000,0x00000000,0x00000000,0x00000000,0x00000000,0x00000000,0x00000000,
  0x00000000,0x00000000,0x00000000,0x00000000,0x00000000,0x00000000,0x00000000,0x00000000,0x00000000,0x00000000,0x00000000,0x00000000,
  0x00000000,0x00000000,0x00000000,0x00000000,0x00000000,0x00000000,0x00000000,0x00000000,0x00000000,0x00000000,0x00000000,0x00000000,
  0x00000000,0x00000000,0x00000000,0x00000000,0x00000000,0x00000000,0x00000000,0x00000000,0x00000000,0x00000000,0x00000000,0x00000000,
  0x00000000,0x00000000,0x00000000,0x00000000,0x00000000,0x00000000,0x00000000,0x00000000,0x00000000,0x00000000,0x00000000,0x00000000,
  0x00000000,0x00000000,0x00000000,0x00000000,0x00000000,0x00000000,0x00000000,0x00000000,0x00000000,0x00000000,0x00000000,0x00000000,
  0x00000000,0x00000000,0x00000000,0x00000000,0x00000000,0x00000000,0x00000000,0x00000000,0x00000000,0x00000000,0x00000000,0x00000000,
  0x00000000,0x00000000,0x00000000,0x00000000,0x00000000,0x00000000,0x00000000,0x00000000,0x00000000,0x00000000,0x00000000,0x00000000,
  0x00000000,0x00000000,0x00000000,0x00000000,
};
const int icon_HOME_w = 32;
const int icon_HOME_h = 32;

const u32 icon_CONFIG_pixels[1024] = {
  0x00000000,0x00000000,0x00000000,0x00000000,0x00000000,0x00000000,0x00000000,0x00000000,0x00000000,0x00000000,0x00000000,0x00000000,
  0x00000000,0x00000000,0x00000000,0x00000000,0x00000000,0x00000000,0x00000000,0x00000000,0x00000000,0x00000000,0x00000000,0x00000000,
  0x00000000,0x00000000,0x00000000,0x00000000,0x00000000,0x00000000,0x00000000,0x00000000,0x00000000,0x00000000,0x00000000,0x00000000,
  0x00000000,0x00000000,0x00000000,0x00000000,0x00000000,0x00000000,0x00000000,0x00000000,0x00000000,0x00000000,0x00000000,0x00000000,
  0x00000000,0x00000000,0x00000000,0x00000000,0x00000000,0x00000000,0x00000000,0x00000000,0x00000000,0x00000000,0x00000000,0x00000000,
  0x00000000,0x00000000,0x00000000,0x00000000,0x00000000,0x00000000,0x00000000,0x00000000,0x00000000,0x00000000,0x00000000,0x00000000,
  0x00000000,0x00000000,0x00000000,0x00000000,0x00000000,0x00000000,0x00000000,0xFF0A0C10,0x00000000,0x00000000,0x00000000,0x00000000,
  0x00000000,0x00000000,0x00000000,0x00000000,0x00000000,0x00000000,0x00000000,0x00000000,0x00000000,0x00000000,0x00000000,0x00000000,
  0x00000000,0x00000000,0x00000000,0x00000000,0x00000000,0x00000000,0x00000000,0x00000000,0x00000000,0x00000000,0x00000000,0x00000000,
  0x00000000,0x00000000,0xFF0A0C10,0xFFB07A55,0xFF0A0C10,0x00000000,0x00000000,0x00000000,0x00000000,0x00000000,0x00000000,0x00000000,
  0x00000000,0x00000000,0x00000000,0x00000000,0x00000000,0x00000000,0x00000000,0x00000000,0x00000000,0x00000000,0x00000000,0x00000000,
  0x00000000,0x00000000,0x00000000,0x00000000,0x00000000,0x00000000,0x00000000,0x00000000,0x00000000,0x00000000,0xFF0A0C10,0xFFB07A55,
  0xFF0A0C10,0x00000000,0x00000000,0x00000000,0x00000000,0x00000000,0x00000000,0x00000000,0x00000000,0x00000000,0x00000000,0x00000000,
  0x00000000,0x00000000,0x00000000,0x00000000,0x00000000,0x00000000,0x00000000,0x00000000,0x00000000,0x00000000,0x00000000,0x00000000,
  0x00000000,0x00000000,0x00000000,0x00000000,0x00000000,0xFF0A0C10,0xFFB07A55,0xFFB07A55,0xFFB07A55,0xFF0A0C10,0x00000000,0x00000000,
  0x00000000,0x00000000,0x00000000,0x00000000,0x00000000,0x00000000,0x00000000,0x00000000,0x00000000,0x00000000,0x00000000,0x00000000,
  0x00000000,0x00000000,0x00000000,0x00000000,0x00000000,0x00000000,0xFF0A0C10,0xFF0A0C10,0xFF0A0C10,0x00000000,0x00000000,0x00000000,
  0x00000000,0xFF0A0C10,0xFF0A0C10,0xFF0A0C10,0xFF0A0C10,0xFF0A0C10,0xFF0A0C10,0x00000000,0x00000000,0xFF0A0C10,0xFF0A0C10,0xFF0A0C10,
  0xFF0A0C10,0x00000000,0x00000000,0x00000000,0x00000000,0x00000000,0x00000000,0x00000000,0x00000000,0x00000000,0x00000000,0x00000000,
  0x00000000,0x00000000,0xFF0A0C10,0xFFB07A55,0xFFB07A55,0xFF0A0C10,0xFF0A0C10,0xFF0A0C10,0xFF0A0C10,0xFFE8A87C,0xFFE8A87C,0xFFE8A87C,
  0xFFE8A87C,0xFFE8A87C,0xFFE8A87C,0xFF0A0C10,0xFF0A0C10,0xFFB07A55,0xFFB07A55,0xFFB07A55,0xFF0A0C10,0x00000000,0x00000000,0x00000000,
  0x00000000,0x00000000,0x00000000,0x00000000,0x00000000,0x00000000,0x00000000,0x00000000,0x00000000,0x00000000,0xFF0A0C10,0xFFB07A55,
  0xFFB07A55,0xFFB07A55,0xFF0A0C10,0xFFE8A87C,0xFFE8A87C,0xFFE8A87C,0xFFE8A87C,0xFFE8A87C,0xFFE8A87C,0xFFE8A87C,0xFFE8A87C,0xFFE8A87C,
  0xFFE8A87C,0xFF0A0C10,0xFFB07A55,0xFFB07A55,0xFF0A0C10,0x00000000,0x00000000,0x00000000,0x00000000,0x00000000,0x00000000,0x00000000,
  0x00000000,0x00000000,0x00000000,0x00000000,0x00000000,0x00000000,0xFF0A0C10,0xFFB07A55,0xFFB07A55,0xFF0A0C10,0xFFE8A87C,0xFFE8A87C,
  0xFFE8A87C,0xFFE8A87C,0xFFE8A87C,0xFFE8A87C,0xFFE8A87C,0xFFE8A87C,0xFFE8A87C,0xFFE8A87C,0xFFE8A87C,0xFFE8A87C,0xFF0A0C10,0xFF0A0C10,
  0x00000000,0x00000000,0x00000000,0x00000000,0x00000000,0x00000000,0x00000000,0x00000000,0x00000000,0x00000000,0x00000000,0x00000000,
  0x00000000,0x00000000,0x00000000,0xFF0A0C10,0xFF0A0C10,0xFFE8A87C,0xFFE8A87C,0xFFE8A87C,0xFFE8A87C,0xFFE8A87C,0xFFE8A87C,0xFFE8A87C,
  0xFFE8A87C,0xFFE8A87C,0xFFE8A87C,0xFFE8A87C,0xFFE8A87C,0xFFE8A87C,0xFFE8A87C,0xFF0A0C10,0x00000000,0x00000000,0x00000000,0x00000000,
  0x00000000,0x00000000,0x00000000,0x00000000,0x00000000,0x00000000,0x00000000,0x00000000,0x00000000,0x00000000,0x00000000,0xFF0A0C10,
  0xFFE8A87C,0xFFE8A87C,0xFFE8A87C,0xFFE8A87C,0xFFE8A87C,0xFFE8A87C,0xFF0A0C10,0xFF0A0C10,0xFF0A0C10,0xFF0A0C10,0xFFE8A87C,0xFFE8A87C,
  0xFFE8A87C,0xFFE8A87C,0xFFE8A87C,0xFFE8A87C,0xFF0A0C10,0x00000000,0x00000000,0x00000000,0x00000000,0x00000000,0x00000000,0x00000000,
  0x00000000,0x00000000,0x00000000,0x00000000,0x00000000,0x00000000,0x00000000,0xFF0A0C10,0xFFE8A87C,0xFFE8A87C,0xFFE8A87C,0xFFE8A87C,
  0xFFE8A87C,0xFF0A0C10,0xFF1F242C,0xFF1F242C,0xFF1F242C,0xFF1F242C,0xFF0A0C10,0xFFE8A87C,0xFFE8A87C,0xFFE8A87C,0xFFE8A87C,0xFFE8A87C,
  0xFF0A0C10,0x00000000,0x00000000,0x00000000,0x00000000,0x00000000,0x00000000,0x00000000,0x00000000,0x00000000,0x00000000,0x00000000,
  0x00000000,0xFF0A0C10,0xFF0A0C10,0xFFE8A87C,0xFFE8A87C,0xFFE8A87C,0xFFE8A87C,0xFFE8A87C,0xFF0A0C10,0xFF1F242C,0xFF1F242C,0xFF1F242C,
  0xFF1F242C,0xFF1F242C,0xFF1F242C,0xFF0A0C10,0xFFE8A87C,0xFFE8A87C,0xFFE8A87C,0xFFE8A87C,0xFFE8A87C,0xFF0A0C10,0x00000000,0x00000000,
  0x00000000,0x00000000,0x00000000,0x00000000,0x00000000,0x00000000,0x00000000,0xFF0A0C10,0xFF0A0C10,0xFFB07A55,0xFF0A0C10,0xFFE8A87C,
  0xFFE8A87C,0xFFE8A87C,0xFFE8A87C,0xFF0A0C10,0xFF1F242C,0xFF1F242C,0xFF1F242C,0xFF1F242C,0xFF1F242C,0xFF1F242C,0xFF1F242C,0xFF1F242C,
  0xFF0A0C10,0xFFE8A87C,0xFFE8A87C,0xFFE8A87C,0xFFE8A87C,0xFF0A0C10,0xFF0A0C10,0xFF0A0C10,0x00000000,0x00000000,0x00000000,0x00000000,
  0x00000000,0x00000000,0xFF0A0C10,0xFFB07A55,0xFFB07A55,0xFFB07A55,0xFF0A0C10,0xFFE8A87C,0xFFE8A87C,0xFFE8A87C,0xFFE8A87C,0xFF0A0C10,
  0xFF1F242C,0xFF1F242C,0xFF1F242C,0xFF1F242C,0xFF1F242C,0xFF1F242C,0xFF1F242C,0xFF1F242C,0xFF0A0C10,0xFFE8A87C,0xFFE8A87C,0xFFE8A87C,
  0xFFE8A87C,0xFF0A0C10,0xFFB07A55,0xFFB07A55,0xFF0A0C10,0x00000000,0x00000000,0x00000000,0x00000000,0x00000000,0x00000000,0xFF0A0C10,
  0xFF0A0C10,0xFFB07A55,0xFF0A0C10,0xFFE8A87C,0xFFE8A87C,0xFFE8A87C,0xFFE8A87C,0xFF0A0C10,0xFF1F242C,0xFF1F242C,0xFF1F242C,0xFF1F242C,
  0xFF1F242C,0xFF1F242C,0xFF1F242C,0xFF1F242C,0xFF0A0C10,0xFFE8A87C,0xFFE8A87C,0xFFE8A87C,0xFFE8A87C,0xFF0A0C10,0xFF0A0C10,0xFF0A0C10,
  0x00000000,0x00000000,0x00000000,0x00000000,0x00000000,0x00000000,0x00000000,0x00000000,0x00000000,0xFF0A0C10,0xFF0A0C10,0xFFE8A87C,
  0xFFE8A87C,0xFFE8A87C,0xFFE8A87C,0xFF0A0C10,0xFF1F242C,0xFF1F242C,0xFF1F242C,0xFF1F242C,0xFF1F242C,0xFF1F242C,0xFF1F242C,0xFF1F242C,
  0xFF0A0C10,0xFFE8A87C,0xFFE8A87C,0xFFE8A87C,0xFFE8A87C,0xFF0A0C10,0x00000000,0x00000000,0x00000000,0x00000000,0x00000000,0x00000000,
  0x00000000,0x00000000,0x00000000,0x00000000,0x00000000,0x00000000,0xFF0A0C10,0xFFE8A87C,0xFFE8A87C,0xFFE8A87C,0xFFE8A87C,0xFFE8A87C,
  0xFF0A0C10,0xFF1F242C,0xFF1F242C,0xFF1F242C,0xFF1F242C,0xFF1F242C,0xFF1F242C,0xFF0A0C10,0xFFE8A87C,0xFFE8A87C,0xFFE8A87C,0xFFE8A87C,
  0xFFE8A87C,0xFF0A0C10,0x00000000,0x00000000,0x00000000,0x00000000,0x00000000,0x00000000,0x00000000,0x00000000,0x00000000,0x00000000,
  0x00000000,0x00000000,0x00000000,0xFF0A0C10,0xFFE8A87C,0xFFE8A87C,0xFFE8A87C,0xFFE8A87C,0xFFE8A87C,0xFF0A0C10,0xFF1F242C,0xFF1F242C,
  0xFF1F242C,0xFF1F242C,0xFF0A0C10,0xFFE8A87C,0xFFE8A87C,0xFFE8A87C,0xFFE8A87C,0xFFE8A87C,0xFF0A0C10,0x00000000,0x00000000,0x00000000,
  0x00000000,0x00000000,0x00000000,0x00000000,0x00000000,0x00000000,0x00000000,0x00000000,0x00000000,0x00000000,0x00000000,0xFF0A0C10,
  0xFFE8A87C,0xFFE8A87C,0xFFE8A87C,0xFFE8A87C,0xFFE8A87C,0xFFE8A87C,0xFF0A0C10,0xFF0A0C10,0xFF0A0C10,0xFF0A0C10,0xFFE8A87C,0xFFE8A87C,
  0xFFE8A87C,0xFFE8A87C,0xFFE8A87C,0xFFE8A87C,0xFF0A0C10,0x00000000,0x00000000,0x00000000,0x00000000,0x00000000,0x00000000,0x00000000,
  0x00000000,0x00000000,0x00000000,0x00000000,0x00000000,0x00000000,0x00000000,0xFF0A0C10,0xFF0A0C10,0xFFE8A87C,0xFFE8A87C,0xFFE8A87C,
  0xFFE8A87C,0xFFE8A87C,0xFFE8A87C,0xFFE8A87C,0xFFE8A87C,0xFFE8A87C,0xFFE8A87C,0xFFE8A87C,0xFFE8A87C,0xFFE8A87C,0xFFE8A87C,0xFF0A0C10,
  0xFF0A0C10,0x00000000,0x00000000,0x00000000,0x00000000,0x00000000,0x00000000,0x00000000,0x00000000,0x00000000,0x00000000,0x00000000,
  0x00000000,0x00000000,0xFF0A0C10,0xFFB07A55,0xFFB07A55,0xFF0A0C10,0xFFE8A87C,0xFFE8A87C,0xFFE8A87C,0xFFE8A87C,0xFFE8A87C,0xFFE8A87C,
  0xFFE8A87C,0xFFE8A87C,0xFFE8A87C,0xFFE8A87C,0xFFE8A87C,0xFFE8A87C,0xFF0A0C10,0xFFB07A55,0xFF0A0C10,0x00000000,0x00000000,0x00000000,
  0x00000000,0x00000000,0x00000000,0x00000000,0x00000000,0x00000000,0x00000000,0x00000000,0x00000000,0x00000000,0xFF0A0C10,0xFFB07A55,
  0xFFB07A55,0xFFB07A55,0xFF0A0C10,0xFFE8A87C,0xFFE8A87C,0xFFE8A87C,0xFFE8A87C,0xFFE8A87C,0xFFE8A87C,0xFFE8A87C,0xFFE8A87C,0xFFE8A87C,
  0xFFE8A87C,0xFF0A0C10,0xFFB07A55,0xFFB07A55,0xFF0A0C10,0x00000000,0x00000000,0x00000000,0x00000000,0x00000000,0x00000000,0x00000000,
  0x00000000,0x00000000,0x00000000,0x00000000,0x00000000,0x00000000,0xFF0A0C10,0xFF0A0C10,0xFF0A0C10,0xFF0A0C10,0x00000000,0xFF0A0C10,
  0xFF0A0C10,0xFFE8A87C,0xFFE8A87C,0xFFE8A87C,0xFFE8A87C,0xFFE8A87C,0xFFE8A87C,0xFF0A0C10,0xFF0A0C10,0x00000000,0xFF0A0C10,0xFF0A0C10,
  0xFF0A0C10,0x00000000,0x00000000,0x00000000,0x00000000,0x00000000,0x00000000,0x00000000,0x00000000,0x00000000,0x00000000,0x00000000,
  0x00000000,0x00000000,0x00000000,0x00000000,0x00000000,0x00000000,0x00000000,0x00000000,0x00000000,0xFF0A0C10,0xFF0A0C10,0xFF0A0C10,
  0xFF0A0C10,0xFF0A0C10,0xFF0A0C10,0x00000000,0x00000000,0x00000000,0x00000000,0x00000000,0x00000000,0x00000000,0x00000000,0x00000000,
  0x00000000,0x00000000,0x00000000,0x00000000,0x00000000,0x00000000,0x00000000,0x00000000,0x00000000,0x00000000,0x00000000,0x00000000,
  0x00000000,0x00000000,0x00000000,0x00000000,0x00000000,0x00000000,0xFF0A0C10,0xFFB07A55,0xFF0A0C10,0x00000000,0x00000000,0x00000000,
  0x00000000,0x00000000,0x00000000,0x00000000,0x00000000,0x00000000,0x00000000,0x00000000,0x00000000,0x00000000,0x00000000,0x00000000,
  0x00000000,0x00000000,0x00000000,0x00000000,0x00000000,0x00000000,0x00000000,0x00000000,0x00000000,0x00000000,0x00000000,0x00000000,
  0x00000000,0x00000000,0xFF0A0C10,0xFFB07A55,0xFF0A0C10,0x00000000,0x00000000,0x00000000,0x00000000,0x00000000,0x00000000,0x00000000,
  0x00000000,0x00000000,0x00000000,0x00000000,0x00000000,0x00000000,0x00000000,0x00000000,0x00000000,0x00000000,0x00000000,0x00000000,
  0x00000000,0x00000000,0x00000000,0x00000000,0x00000000,0x00000000,0x00000000,0x00000000,0x00000000,0x00000000,0x00000000,0xFF0A0C10,
  0x00000000,0x00000000,0x00000000,0x00000000,0x00000000,0x00000000,0x00000000,0x00000000,0x00000000,0x00000000,0x00000000,0x00000000,
  0x00000000,0x00000000,0x00000000,0x00000000,0x00000000,0x00000000,0x00000000,0x00000000,0x00000000,0x00000000,0x00000000,0x00000000,
  0x00000000,0x00000000,0x00000000,0x00000000,0x00000000,0x00000000,0x00000000,0x00000000,0x00000000,0x00000000,0x00000000,0x00000000,
  0x00000000,0x00000000,0x00000000,0x00000000,0x00000000,0x00000000,0x00000000,0x00000000,0x00000000,0x00000000,0x00000000,0x00000000,
  0x00000000,0x00000000,0x00000000,0x00000000,0x00000000,0x00000000,0x00000000,0x00000000,0x00000000,0x00000000,0x00000000,0x00000000,
  0x00000000,0x00000000,0x00000000,0x00000000,0x00000000,0x00000000,0x00000000,0x00000000,0x00000000,0x00000000,0x00000000,0x00000000,
  0x00000000,0x00000000,0x00000000,0x00000000,0x00000000,0x00000000,0x00000000,0x00000000,0x00000000,0x00000000,0x00000000,0x00000000,
  0x00000000,0x00000000,0x00000000,0x00000000,0x00000000,0x00000000,0x00000000,0x00000000,0x00000000,0x00000000,0x00000000,0x00000000,
  0x00000000,0x00000000,0x00000000,0x00000000,0x00000000,0x00000000,0x00000000,0x00000000,0x00000000,0x00000000,0x00000000,0x00000000,
  0x00000000,0x00000000,0x00000000,0x00000000,
};
const int icon_CONFIG_w = 32;
const int icon_CONFIG_h = 32;

const u32 icon_DRAWER_pixels[1024] = {
  0x00000000,0x00000000,0x00000000,0x00000000,0x00000000,0x00000000,0x00000000,0x00000000,0x00000000,0x00000000,0x00000000,0x00000000,
  0x00000000,0x00000000,0x00000000,0x00000000,0x00000000,0x00000000,0x00000000,0x00000000,0x00000000,0x00000000,0x00000000,0x00000000,
  0x00000000,0x00000000,0x00000000,0x00000000,0x00000000,0x00000000,0x00000000,0x00000000,0x00000000,0x00000000,0x00000000,0x00000000,
  0x00000000,0x00000000,0x00000000,0x00000000,0x00000000,0x00000000,0x00000000,0x00000000,0x00000000,0x00000000,0x00000000,0x00000000,
  0x00000000,0x00000000,0x00000000,0x00000000,0x00000000,0x00000000,0x00000000,0x00000000,0x00000000,0x00000000,0x00000000,0x00000000,
  0x00000000,0x00000000,0x00000000,0x00000000,0x00000000,0x00000000,0x00000000,0x00000000,0x00000000,0x00000000,0x00000000,0x00000000,
  0x00000000,0x00000000,0x00000000,0x00000000,0x00000000,0x00000000,0x00000000,0x00000000,0x00000000,0x00000000,0x00000000,0x00000000,
  0x00000000,0x00000000,0x00000000,0x00000000,0x00000000,0x00000000,0x00000000,0x00000000,0x00000000,0x00000000,0x00000000,0x00000000,
  0x00000000,0x00000000,0x00000000,0x00000000,0x00000000,0x00000000,0x00000000,0x00000000,0x00000000,0x00000000,0x00000000,0x00000000,
  0x00000000,0x00000000,0x00000000,0x00000000,0x00000000,0x00000000,0x00000000,0x00000000,0x00000000,0x00000000,0x00000000,0x00000000,
  0x00000000,0x00000000,0x00000000,0x00000000,0x00000000,0x00000000,0x00000000,0x00000000,0x00000000,0x00000000,0x00000000,0x00000000,
  0x00000000,0x00000000,0x00000000,0x00000000,0x00000000,0x00000000,0x00000000,0x00000000,0x00000000,0x00000000,0x00000000,0x00000000,
  0x00000000,0x00000000,0x00000000,0x00000000,0x00000000,0x00000000,0x00000000,0x00000000,0x00000000,0x00000000,0x00000000,0x00000000,
  0x00000000,0x00000000,0x00000000,0x00000000,0x00000000,0x00000000,0x00000000,0x00000000,0x00000000,0x00000000,0x00000000,0xFFE8A87C,
  0xFFE8A87C,0x00000000,0x00000000,0x00000000,0x00000000,0x00000000,0x00000000,0x00000000,0xFFE8A87C,0xFFE8A87C,0x00000000,0x00000000,
  0x00000000,0x00000000,0x00000000,0x00000000,0x00000000,0xFFE8A87C,0xFFE8A87C,0x00000000,0x00000000,0x00000000,0x00000000,0x00000000,
  0x00000000,0x00000000,0x00000000,0x00000000,0x00000000,0x00000000,0xFFE8A87C,0xFFE8A87C,0xFFE8A87C,0xFFE8A87C,0x00000000,0x00000000,
  0x00000000,0x00000000,0x00000000,0xFFE8A87C,0xFFE8A87C,0xFFE8A87C,0xFFE8A87C,0x00000000,0x00000000,0x00000000,0x00000000,0x00000000,
  0xFFE8A87C,0xFFE8A87C,0xFFE8A87C,0xFFE8A87C,0x00000000,0x00000000,0x00000000,0x00000000,0x00000000,0x00000000,0x00000000,0x00000000,
  0x00000000,0xFFE8A87C,0xFFE8A87C,0xFFE8A87C,0xFFE8A87C,0xFFE8A87C,0xFFE8A87C,0x00000000,0x00000000,0x00000000,0xFFE8A87C,0xFFE8A87C,
  0xFFE8A87C,0xFFE8A87C,0xFFE8A87C,0xFFE8A87C,0x00000000,0x00000000,0x00000000,0xFFE8A87C,0xFFE8A87C,0xFFE8A87C,0xFFE8A87C,0xFFE8A87C,
  0xFFE8A87C,0x00000000,0x00000000,0x00000000,0x00000000,0x00000000,0x00000000,0x00000000,0x00000000,0xFFE8A87C,0xFFE8A87C,0xFFE8A87C,
  0xFFE8A87C,0xFFE8A87C,0xFFE8A87C,0x00000000,0x00000000,0x00000000,0xFFE8A87C,0xFFE8A87C,0xFFE8A87C,0xFFE8A87C,0xFFE8A87C,0xFFE8A87C,
  0x00000000,0x00000000,0x00000000,0xFFE8A87C,0xFFE8A87C,0xFFE8A87C,0xFFE8A87C,0xFFE8A87C,0xFFE8A87C,0x00000000,0x00000000,0x00000000,
  0x00000000,0x00000000,0x00000000,0x00000000,0x00000000,0x00000000,0xFFE8A87C,0xFFE8A87C,0xFFE8A87C,0xFFE8A87C,0x00000000,0x00000000,
  0x00000000,0x00000000,0x00000000,0xFFE8A87C,0xFFE8A87C,0xFFE8A87C,0xFFE8A87C,0x00000000,0x00000000,0x00000000,0x00000000,0x00000000,
  0xFFE8A87C,0xFFE8A87C,0xFFE8A87C,0xFFE8A87C,0x00000000,0x00000000,0x00000000,0x00000000,0x00000000,0x00000000,0x00000000,0x00000000,
  0x00000000,0x00000000,0x00000000,0xFFE8A87C,0xFFE8A87C,0x00000000,0x00000000,0x00000000,0x00000000,0x00000000,0x00000000,0x00000000,
  0xFFE8A87C,0xFFE8A87C,0x00000000,0x00000000,0x00000000,0x00000000,0x00000000,0x00000000,0x00000000,0xFFE8A87C,0xFFE8A87C,0x00000000,
  0x00000000,0x00000000,0x00000000,0x00000000,0x00000000,0x00000000,0x00000000,0x00000000,0x00000000,0x00000000,0x00000000,0x00000000,
  0x00000000,0x00000000,0x00000000,0x00000000,0x00000000,0x00000000,0x00000000,0x00000000,0x00000000,0x00000000,0x00000000,0x00000000,
  0x00000000,0x00000000,0x00000000,0x00000000,0x00000000,0x00000000,0x00000000,0x00000000,0x00000000,0x00000000,0x00000000,0x00000000,
  0x00000000,0x00000000,0x00000000,0x00000000,0x00000000,0x00000000,0x00000000,0x00000000,0x00000000,0x00000000,0x00000000,0x00000000,
  0x00000000,0x00000000,0x00000000,0x00000000,0x00000000,0x00000000,0x00000000,0x00000000,0x00000000,0x00000000,0x00000000,0x00000000,
  0x00000000,0x00000000,0x00000000,0x00000000,0x00000000,0x00000000,0x00000000,0x00000000,0x00000000,0x00000000,0x00000000,0x00000000,
  0x00000000,0x00000000,0x00000000,0x00000000,0x00000000,0x00000000,0x00000000,0x00000000,0x00000000,0x00000000,0x00000000,0x00000000,
  0x00000000,0x00000000,0x00000000,0x00000000,0x00000000,0x00000000,0x00000000,0x00000000,0x00000000,0x00000000,0x00000000,0x00000000,
  0x00000000,0x00000000,0x00000000,0x00000000,0x00000000,0x00000000,0x00000000,0x00000000,0x00000000,0x00000000,0x00000000,0xFFE8A87C,
  0xFFE8A87C,0x00000000,0x00000000,0x00000000,0x00000000,0x00000000,0x00000000,0x00000000,0xFFE8A87C,0xFFE8A87C,0x00000000,0x00000000,
  0x00000000,0x00000000,0x00000000,0x00000000,0x00000000,0xFFE8A87C,0xFFE8A87C,0x00000000,0x00000000,0x00000000,0x00000000,0x00000000,
  0x00000000,0x00000000,0x00000000,0x00000000,0x00000000,0x00000000,0xFFE8A87C,0xFFE8A87C,0xFFE8A87C,0xFFE8A87C,0x00000000,0x00000000,
  0x00000000,0x00000000,0x00000000,0xFFE8A87C,0xFFE8A87C,0xFFE8A87C,0xFFE8A87C,0x00000000,0x00000000,0x00000000,0x00000000,0x00000000,
  0xFFE8A87C,0xFFE8A87C,0xFFE8A87C,0xFFE8A87C,0x00000000,0x00000000,0x00000000,0x00000000,0x00000000,0x00000000,0x00000000,0x00000000,
  0x00000000,0xFFE8A87C,0xFFE8A87C,0xFFE8A87C,0xFFE8A87C,0xFFE8A87C,0xFFE8A87C,0x00000000,0x00000000,0x00000000,0xFFE8A87C,0xFFE8A87C,
  0xFFE8A87C,0xFFE8A87C,0xFFE8A87C,0xFFE8A87C,0x00000000,0x00000000,0x00000000,0xFFE8A87C,0xFFE8A87C,0xFFE8A87C,0xFFE8A87C,0xFFE8A87C,
  0xFFE8A87C,0x00000000,0x00000000,0x00000000,0x00000000,0x00000000,0x00000000,0x00000000,0x00000000,0xFFE8A87C,0xFFE8A87C,0xFFE8A87C,
  0xFFE8A87C,0xFFE8A87C,0xFFE8A87C,0x00000000,0x00000000,0x00000000,0xFFE8A87C,0xFFE8A87C,0xFFE8A87C,0xFFE8A87C,0xFFE8A87C,0xFFE8A87C,
  0x00000000,0x00000000,0x00000000,0xFFE8A87C,0xFFE8A87C,0xFFE8A87C,0xFFE8A87C,0xFFE8A87C,0xFFE8A87C,0x00000000,0x00000000,0x00000000,
  0x00000000,0x00000000,0x00000000,0x00000000,0x00000000,0x00000000,0xFFE8A87C,0xFFE8A87C,0xFFE8A87C,0xFFE8A87C,0x00000000,0x00000000,
  0x00000000,0x00000000,0x00000000,0xFFE8A87C,0xFFE8A87C,0xFFE8A87C,0xFFE8A87C,0x00000000,0x00000000,0x00000000,0x00000000,0x00000000,
  0xFFE8A87C,0xFFE8A87C,0xFFE8A87C,0xFFE8A87C,0x00000000,0x00000000,0x00000000,0x00000000,0x00000000,0x00000000,0x00000000,0x00000000,
  0x00000000,0x00000000,0x00000000,0xFFE8A87C,0xFFE8A87C,0x00000000,0x00000000,0x00000000,0x00000000,0x00000000,0x00000000,0x00000000,
  0xFFE8A87C,0xFFE8A87C,0x00000000,0x00000000,0x00000000,0x00000000,0x00000000,0x00000000,0x00000000,0xFFE8A87C,0xFFE8A87C,0x00000000,
  0x00000000,0x00000000,0x00000000,0x00000000,0x00000000,0x00000000,0x00000000,0x00000000,0x00000000,0x00000000,0x00000000,0x00000000,
  0x00000000,0x00000000,0x00000000,0x00000000,0x00000000,0x00000000,0x00000000,0x00000000,0x00000000,0x00000000,0x00000000,0x00000000,
  0x00000000,0x00000000,0x00000000,0x00000000,0x00000000,0x00000000,0x00000000,0x00000000,0x00000000,0x00000000,0x00000000,0x00000000,
  0x00000000,0x00000000,0x00000000,0x00000000,0x00000000,0x00000000,0x00000000,0x00000000,0x00000000,0x00000000,0x00000000,0x00000000,
  0x00000000,0x00000000,0x00000000,0x00000000,0x00000000,0x00000000,0x00000000,0x00000000,0x00000000,0x00000000,0x00000000,0x00000000,
  0x00000000,0x00000000,0x00000000,0x00000000,0x00000000,0x00000000,0x00000000,0x00000000,0x00000000,0x00000000,0x00000000,0x00000000,
  0x00000000,0x00000000,0x00000000,0x00000000,0x00000000,0x00000000,0x00000000,0x00000000,0x00000000,0x00000000,0x00000000,0x00000000,
  0x00000000,0x00000000,0x00000000,0x00000000,0x00000000,0x00000000,0x00000000,0x00000000,0x00000000,0x00000000,0x00000000,0x00000000,
  0x00000000,0x00000000,0x00000000,0x00000000,0x00000000,0x00000000,0x00000000,0x00000000,0x00000000,0x00000000,0x00000000,0xFFE8A87C,
  0xFFE8A87C,0x00000000,0x00000000,0x00000000,0x00000000,0x00000000,0x00000000,0x00000000,0xFFE8A87C,0xFFE8A87C,0x00000000,0x00000000,
  0x00000000,0x00000000,0x00000000,0x00000000,0x00000000,0xFFE8A87C,0xFFE8A87C,0x00000000,0x00000000,0x00000000,0x00000000,0x00000000,
  0x00000000,0x00000000,0x00000000,0x00000000,0x00000000,0x00000000,0xFFE8A87C,0xFFE8A87C,0xFFE8A87C,0xFFE8A87C,0x00000000,0x00000000,
  0x00000000,0x00000000,0x00000000,0xFFE8A87C,0xFFE8A87C,0xFFE8A87C,0xFFE8A87C,0x00000000,0x00000000,0x00000000,0x00000000,0x00000000,
  0xFFE8A87C,0xFFE8A87C,0xFFE8A87C,0xFFE8A87C,0x00000000,0x00000000,0x00000000,0x00000000,0x00000000,0x00000000,0x00000000,0x00000000,
  0x00000000,0xFFE8A87C,0xFFE8A87C,0xFFE8A87C,0xFFE8A87C,0xFFE8A87C,0xFFE8A87C,0x00000000,0x00000000,0x00000000,0xFFE8A87C,0xFFE8A87C,
  0xFFE8A87C,0xFFE8A87C,0xFFE8A87C,0xFFE8A87C,0x00000000,0x00000000,0x00000000,0xFFE8A87C,0xFFE8A87C,0xFFE8A87C,0xFFE8A87C,0xFFE8A87C,
  0xFFE8A87C,0x00000000,0x00000000,0x00000000,0x00000000,0x00000000,0x00000000,0x00000000,0x00000000,0xFFE8A87C,0xFFE8A87C,0xFFE8A87C,
  0xFFE8A87C,0xFFE8A87C,0xFFE8A87C,0x00000000,0x00000000,0x00000000,0xFFE8A87C,0xFFE8A87C,0xFFE8A87C,0xFFE8A87C,0xFFE8A87C,0xFFE8A87C,
  0x00000000,0x00000000,0x00000000,0xFFE8A87C,0xFFE8A87C,0xFFE8A87C,0xFFE8A87C,0xFFE8A87C,0xFFE8A87C,0x00000000,0x00000000,0x00000000,
  0x00000000,0x00000000,0x00000000,0x00000000,0x00000000,0x00000000,0xFFE8A87C,0xFFE8A87C,0xFFE8A87C,0xFFE8A87C,0x00000000,0x00000000,
  0x00000000,0x00000000,0x00000000,0xFFE8A87C,0xFFE8A87C,0xFFE8A87C,0xFFE8A87C,0x00000000,0x00000000,0x00000000,0x00000000,0x00000000,
  0xFFE8A87C,0xFFE8A87C,0xFFE8A87C,0xFFE8A87C,0x00000000,0x00000000,0x00000000,0x00000000,0x00000000,0x00000000,0x00000000,0x00000000,
  0x00000000,0x00000000,0x00000000,0xFFE8A87C,0xFFE8A87C,0x00000000,0x00000000,0x00000000,0x00000000,0x00000000,0x00000000,0x00000000,
  0xFFE8A87C,0xFFE8A87C,0x00000000,0x00000000,0x00000000,0x00000000,0x00000000,0x00000000,0x00000000,0xFFE8A87C,0xFFE8A87C,0x00000000,
  0x00000000,0x00000000,0x00000000,0x00000000,0x00000000,0x00000000,0x00000000,0x00000000,0x00000000,0x00000000,0x00000000,0x00000000,
  0x00000000,0x00000000,0x00000000,0x00000000,0x00000000,0x00000000,0x00000000,0x00000000,0x00000000,0x00000000,0x00000000,0x00000000,
  0x00000000,0x00000000,0x00000000,0x00000000,0x00000000,0x00000000,0x00000000,0x00000000,0x00000000,0x00000000,0x00000000,0x00000000,
  0x00000000,0x00000000,0x00000000,0x00000000,0x00000000,0x00000000,0x00000000,0x00000000,0x00000000,0x00000000,0x00000000,0x00000000,
  0x00000000,0x00000000,0x00000000,0x00000000,0x00000000,0x00000000,0x00000000,0x00000000,0x00000000,0x00000000,0x00000000,0x00000000,
  0x00000000,0x00000000,0x00000000,0x00000000,0x00000000,0x00000000,0x00000000,0x00000000,0x00000000,0x00000000,0x00000000,0x00000000,
  0x00000000,0x00000000,0x00000000,0x00000000,0x00000000,0x00000000,0x00000000,0x00000000,0x00000000,0x00000000,0x00000000,0x00000000,
  0x00000000,0x00000000,0x00000000,0x00000000,0x00000000,0x00000000,0x00000000,0x00000000,0x00000000,0x00000000,0x00000000,0x00000000,
  0x00000000,0x00000000,0x00000000,0x00000000,
};
const int icon_DRAWER_w = 32;
const int icon_DRAWER_h = 32;

const u32 icon_CALC_pixels[1024] = {
  0x00000000,0x00000000,0x00000000,0x00000000,0x00000000,0x00000000,0x00000000,0x00000000,0x00000000,0x00000000,0x00000000,0x00000000,
  0x00000000,0x00000000,0x00000000,0x00000000,0x00000000,0x00000000,0x00000000,0x00000000,0x00000000,0x00000000,0x00000000,0x00000000,
  0x00000000,0x00000000,0x00000000,0x00000000,0x00000000,0x00000000,0x00000000,0x00000000,0x00000000,0x00000000,0x00000000,0x00000000,
  0x00000000,0x00000000,0x00000000,0x00000000,0x00000000,0x00000000,0x00000000,0x00000000,0x00000000,0x00000000,0x00000000,0x00000000,
  0x00000000,0x00000000,0x00000000,0x00000000,0x00000000,0x00000000,0x00000000,0x00000000,0x00000000,0x00000000,0x00000000,0x00000000,
  0x00000000,0x00000000,0x00000000,0x00000000,0x00000000,0x00000000,0x00000000,0x00000000,0x00000000,0x00000000,0x00000000,0x00000000,
  0x00000000,0x00000000,0x00000000,0x00000000,0x00000000,0x00000000,0x00000000,0x00000000,0x00000000,0x00000000,0x00000000,0x00000000,
  0x00000000,0x00000000,0x00000000,0x00000000,0x00000000,0x00000000,0x00000000,0x00000000,0x00000000,0x00000000,0x00000000,0x00000000,
  0x00000000,0x00000000,0x00000000,0x00000000,0x00000000,0x00000000,0xFF0A0C10,0xFF0A0C10,0xFF0A0C10,0xFF0A0C10,0xFF0A0C10,0xFF0A0C10,
  0xFF0A0C10,0xFF0A0C10,0xFF0A0C10,0xFF0A0C10,0xFF0A0C10,0xFF0A0C10,0xFF0A0C10,0xFF0A0C10,0xFF0A0C10,0xFF0A0C10,0xFF0A0C10,0xFF0A0C10,
  0xFF0A0C10,0xFF0A0C10,0x00000000,0x00000000,0x00000000,0x00000000,0x00000000,0x00000000,0x00000000,0x00000000,0x00000000,0x00000000,
  0x00000000,0xFF0A0C10,0xFF272D37,0xFF272D37,0xFF272D37,0xFF272D37,0xFF272D37,0xFF272D37,0xFF272D37,0xFF272D37,0xFF272D37,0xFF272D37,
  0xFF272D37,0xFF272D37,0xFF272D37,0xFF272D37,0xFF272D37,0xFF272D37,0xFF272D37,0xFF272D37,0xFF272D37,0xFF272D37,0xFF0A0C10,0x00000000,
  0x00000000,0x00000000,0x00000000,0x00000000,0x00000000,0x00000000,0x00000000,0x00000000,0xFF0A0C10,0xFF272D37,0xFF272D37,0xFF272D37,
  0xFF272D37,0xFF272D37,0xFF272D37,0xFF272D37,0xFF272D37,0xFF272D37,0xFF272D37,0xFF272D37,0xFF272D37,0xFF272D37,0xFF272D37,0xFF272D37,
  0xFF272D37,0xFF272D37,0xFF272D37,0xFF272D37,0xFF272D37,0xFF272D37,0xFF272D37,0xFF0A0C10,0x00000000,0x00000000,0x00000000,0x00000000,
  0x00000000,0x00000000,0x00000000,0x00000000,0xFF0A0C10,0xFF272D37,0xFF272D37,0xFF1F242C,0xFF1F242C,0xFF1F242C,0xFF1F242C,0xFF1F242C,
  0xFF1F242C,0xFF1F242C,0xFF1F242C,0xFF1F242C,0xFF1F242C,0xFF1F242C,0xFF1F242C,0xFF1F242C,0xFF1F242C,0xFF1F242C,0xFF1F242C,0xFF1F242C,
  0xFF1F242C,0xFF272D37,0xFF272D37,0xFF0A0C10,0x00000000,0x00000000,0x00000000,0x00000000,0x00000000,0x00000000,0x00000000,0x00000000,
  0xFF0A0C10,0xFF272D37,0xFF1F242C,0xFF0A0C10,0xFF0A0C10,0xFF0A0C10,0xFF0A0C10,0xFF0A0C10,0xFF0A0C10,0xFF0A0C10,0xFF0A0C10,0xFF0A0C10,
  0xFF0A0C10,0xFF0A0C10,0xFF0A0C10,0xFF0A0C10,0xFF0A0C10,0xFF0A0C10,0xFF0A0C10,0xFF0A0C10,0xFF0A0C10,0xFF1F242C,0xFF272D37,0xFF0A0C10,
  0x00000000,0x00000000,0x00000000,0x00000000,0x00000000,0x00000000,0x00000000,0x00000000,0xFF0A0C10,0xFF272D37,0xFF1F242C,0xFF0A0C10,
  0xFF0A0C10,0xFF0A0C10,0xFF0A0C10,0xFF0A0C10,0xFF0A0C10,0xFF0A0C10,0xFF0A0C10,0xFF0A0C10,0xFF0A0C10,0xFF0A0C10,0xFF0A0C10,0xFFE8A87C,
  0xFFE8A87C,0xFFE8A87C,0xFFE8A87C,0xFFE8A87C,0xFF0A0C10,0xFF1F242C,0xFF272D37,0xFF0A0C10,0x00000000,0x00000000,0x00000000,0x00000000,
  0x00000000,0x00000000,0x00000000,0x00000000,0xFF0A0C10,0xFF272D37,0xFF1F242C,0xFF0A0C10,0xFF0A0C10,0xFF0A0C10,0xFF0A0C10,0xFF0A0C10,
  0xFF0A0C10,0xFF0A0C10,0xFF0A0C10,0xFF0A0C10,0xFF0A0C10,0xFF0A0C10,0xFF0A0C10,0xFFE8A87C,0xFFE8A87C,0xFFE8A87C,0xFFE8A87C,0xFFE8A87C,
  0xFF0A0C10,0xFF1F242C,0xFF272D37,0xFF0A0C10,0x00000000,0x00000000,0x00000000,0x00000000,0x00000000,0x00000000,0x00000000,0x00000000,
  0xFF0A0C10,0xFF272D37,0xFF1F242C,0xFF0A0C10,0xFF0A0C10,0xFF0A0C10,0xFF0A0C10,0xFF0A0C10,0xFF0A0C10,0xFF0A0C10,0xFF0A0C10,0xFF0A0C10,
  0xFF0A0C10,0xFF0A0C10,0xFF0A0C10,0xFF0A0C10,0xFF0A0C10,0xFF0A0C10,0xFF0A0C10,0xFF0A0C10,0xFF0A0C10,0xFF1F242C,0xFF272D37,0xFF0A0C10,
  0x00000000,0x00000000,0x00000000,0x00000000,0x00000000,0x00000000,0x00000000,0x00000000,0xFF0A0C10,0xFF272D37,0xFF272D37,0xFF1F242C,
  0xFF1F242C,0xFF1F242C,0xFF1F242C,0xFF1F242C,0xFF1F242C,0xFF1F242C,0xFF1F242C,0xFF1F242C,0xFF1F242C,0xFF1F242C,0xFF1F242C,0xFF1F242C,
  0xFF1F242C,0xFF1F242C,0xFF1F242C,0xFF1F242C,0xFF1F242C,0xFF272D37,0xFF272D37,0xFF0A0C10,0x00000000,0x00000000,0x00000000,0x00000000,
  0x00000000,0x00000000,0x00000000,0x00000000,0xFF0A0C10,0xFF272D37,0xFF272D37,0xFF272D37,0xFF272D37,0xFF272D37,0xFF272D37,0xFF272D37,
  0xFF272D37,0xFF272D37,0xFF272D37,0xFF272D37,0xFF272D37,0xFF272D37,0xFF272D37,0xFF272D37,0xFF272D37,0xFF272D37,0xFF272D37,0xFF272D37,
  0xFF272D37,0xFF272D37,0xFF272D37,0xFF0A0C10,0x00000000,0x00000000,0x00000000,0x00000000,0x00000000,0x00000000,0x00000000,0x00000000,
  0xFF0A0C10,0xFF272D37,0xFF272D37,0xFF8B93A0,0xFF8B93A0,0xFF8B93A0,0xFF272D37,0xFF272D37,0xFF8B93A0,0xFF8B93A0,0xFF8B93A0,0xFF272D37,
  0xFF272D37,0xFF8B93A0,0xFF8B93A0,0xFF8B93A0,0xFF272D37,0xFF272D37,0xFFE8A87C,0xFFE8A87C,0xFFE8A87C,0xFF272D37,0xFF272D37,0xFF0A0C10,
  0x00000000,0x00000000,0x00000000,0x00000000,0x00000000,0x00000000,0x00000000,0x00000000,0xFF0A0C10,0xFF272D37,0xFF8B93A0,0xFF8B93A0,
  0xFF8B93A0,0xFF8B93A0,0xFF8B93A0,0xFF8B93A0,0xFF8B93A0,0xFF8B93A0,0xFF8B93A0,0xFF8B93A0,0xFF8B93A0,0xFF8B93A0,0xFF8B93A0,0xFF8B93A0,
  0xFF8B93A0,0xFFE8A87C,0xFFE8A87C,0xFFE8A87C,0xFFE8A87C,0xFFE8A87C,0xFF272D37,0xFF0A0C10,0x00000000,0x00000000,0x00000000,0x00000000,
  0x00000000,0x00000000,0x00000000,0x00000000,0xFF0A0C10,0xFF272D37,0xFF8B93A0,0xFF8B93A0,0xFF8B93A0,0xFF8B93A0,0xFF8B93A0,0xFF8B93A0,
  0xFF8B93A0,0xFF8B93A0,0xFF8B93A0,0xFF8B93A0,0xFF8B93A0,0xFF8B93A0,0xFF8B93A0,0xFF8B93A0,0xFF8B93A0,0xFFE8A87C,0xFFE8A87C,0xFFE8A87C,
  0xFFE8A87C,0xFFE8A87C,0xFF272D37,0xFF0A0C10,0x00000000,0x00000000,0x00000000,0x00000000,0x00000000,0x00000000,0x00000000,0x00000000,
  0xFF0A0C10,0xFF272D37,0xFF272D37,0xFF8B93A0,0xFF8B93A0,0xFF8B93A0,0xFF272D37,0xFF272D37,0xFF8B93A0,0xFF8B93A0,0xFF8B93A0,0xFF272D37,
  0xFF272D37,0xFF8B93A0,0xFF8B93A0,0xFF8B93A0,0xFF272D37,0xFF272D37,0xFFE8A87C,0xFFE8A87C,0xFFE8A87C,0xFF272D37,0xFF272D37,0xFF0A0C10,
  0x00000000,0x00000000,0x00000000,0x00000000,0x00000000,0x00000000,0x00000000,0x00000000,0xFF0A0C10,0xFF272D37,0xFF272D37,0xFFE6E8EE,
  0xFFE6E8EE,0xFFE6E8EE,0xFF272D37,0xFF272D37,0xFFE6E8EE,0xFFE6E8EE,0xFFE6E8EE,0xFF272D37,0xFF272D37,0xFFE6E8EE,0xFFE6E8EE,0xFFE6E8EE,
  0xFF272D37,0xFF272D37,0xFFE8A87C,0xFFE8A87C,0xFFE8A87C,0xFF272D37,0xFF272D37,0xFF0A0C10,0x00000000,0x00000000,0x00000000,0x00000000,
  0x00000000,0x00000000,0x00000000,0x00000000,0xFF0A0C10,0xFF272D37,0xFFE6E8EE,0xFFE6E8EE,0xFFE6E8EE,0xFFE6E8EE,0xFFE6E8EE,0xFFE6E8EE,
  0xFFE6E8EE,0xFFE6E8EE,0xFFE6E8EE,0xFFE6E8EE,0xFFE6E8EE,0xFFE6E8EE,0xFFE6E8EE,0xFFE6E8EE,0xFFE6E8EE,0xFFE8A87C,0xFFE8A87C,0xFFE8A87C,
  0xFFE8A87C,0xFFE8A87C,0xFF272D37,0xFF0A0C10,0x00000000,0x00000000,0x00000000,0x00000000,0x00000000,0x00000000,0x00000000,0x00000000,
  0xFF0A0C10,0xFF272D37,0xFFE6E8EE,0xFFE6E8EE,0xFFE6E8EE,0xFFE6E8EE,0xFFE6E8EE,0xFFE6E8EE,0xFFE6E8EE,0xFFE6E8EE,0xFFE6E8EE,0xFFE6E8EE,
  0xFFE6E8EE,0xFFE6E8EE,0xFFE6E8EE,0xFFE6E8EE,0xFFE6E8EE,0xFFE8A87C,0xFFE8A87C,0xFFE8A87C,0xFFE8A87C,0xFFE8A87C,0xFF272D37,0xFF0A0C10,
  0x00000000,0x00000000,0x00000000,0x00000000,0x00000000,0x00000000,0x00000000,0x00000000,0xFF0A0C10,0xFF272D37,0xFF272D37,0xFFE6E8EE,
  0xFFE6E8EE,0xFFE6E8EE,0xFF272D37,0xFF272D37,0xFFE6E8EE,0xFFE6E8EE,0xFFE6E8EE,0xFF272D37,0xFF272D37,0xFFE6E8EE,0xFFE6E8EE,0xFFE6E8EE,
  0xFF272D37,0xFF272D37,0xFFE8A87C,0xFFE8A87C,0xFFE8A87C,0xFF272D37,0xFF272D37,0xFF0A0C10,0x00000000,0x00000000,0x00000000,0x00000000,
  0x00000000,0x00000000,0x00000000,0x00000000,0xFF0A0C10,0xFF272D37,0xFF272D37,0xFFE6E8EE,0xFFE6E8EE,0xFFE6E8EE,0xFF272D37,0xFF272D37,
  0xFFE6E8EE,0xFFE6E8EE,0xFFE6E8EE,0xFF272D37,0xFF272D37,0xFFE6E8EE,0xFFE6E8EE,0xFFE6E8EE,0xFF272D37,0xFF272D37,0xFFE8A87C,0xFFE8A87C,
  0xFFE8A87C,0xFF272D37,0xFF272D37,0xFF0A0C10,0x00000000,0x00000000,0x00000000,0x00000000,0x00000000,0x00000000,0x00000000,0x00000000,
  0xFF0A0C10,0xFF272D37,0xFFE6E8EE,0xFFE6E8EE,0xFFE6E8EE,0xFFE6E8EE,0xFFE6E8EE,0xFFE6E8EE,0xFFE6E8EE,0xFFE6E8EE,0xFFE6E8EE,0xFFE6E8EE,
  0xFFE6E8EE,0xFFE6E8EE,0xFFE6E8EE,0xFFE6E8EE,0xFFE6E8EE,0xFFE8A87C,0xFFE8A87C,0xFFE8A87C,0xFFE8A87C,0xFFE8A87C,0xFF272D37,0xFF0A0C10,
  0x00000000,0x00000000,0x00000000,0x00000000,0x00000000,0x00000000,0x00000000,0x00000000,0xFF0A0C10,0xFF272D37,0xFFE6E8EE,0xFFE6E8EE,
  0xFFE6E8EE,0xFFE6E8EE,0xFFE6E8EE,0xFFE6E8EE,0xFFE6E8EE,0xFFE6E8EE,0xFFE6E8EE,0xFFE6E8EE,0xFFE6E8EE,0xFFE6E8EE,0xFFE6E8EE,0xFFE6E8EE,
  0xFFE6E8EE,0xFFE8A87C,0xFFE8A87C,0xFFE8A87C,0xFFE8A87C,0xFFE8A87C,0xFF272D37,0xFF0A0C10,0x00000000,0x00000000,0x00000000,0x00000000,
  0x00000000,0x00000000,0x00000000,0x00000000,0xFF0A0C10,0xFF272D37,0xFF272D37,0xFFE6E8EE,0xFFE6E8EE,0xFFE6E8EE,0xFF272D37,0xFF272D37,
  0xFFE6E8EE,0xFFE6E8EE,0xFFE6E8EE,0xFF272D37,0xFF272D37,0xFFE6E8EE,0xFFE6E8EE,0xFFE6E8EE,0xFF272D37,0xFF272D37,0xFFE8A87C,0xFFE8A87C,
  0xFFE8A87C,0xFF272D37,0xFF272D37,0xFF0A0C10,0x00000000,0x00000000,0x00000000,0x00000000,0x00000000,0x00000000,0x00000000,0x00000000,
  0xFF0A0C10,0xFF272D37,0xFF272D37,0xFFE6E8EE,0xFFE6E8EE,0xFFE6E8EE,0xFF272D37,0xFF272D37,0xFFE6E8EE,0xFFE6E8EE,0xFFE6E8EE,0xFF272D37,
  0xFF272D37,0xFFE6E8EE,0xFFE6E8EE,0xFFE6E8EE,0xFF272D37,0xFF272D37,0xFFE8A87C,0xFFE8A87C,0xFFE8A87C,0xFF272D37,0xFF272D37,0xFF0A0C10,
  0x00000000,0x00000000,0x00000000,0x00000000,0x00000000,0x00000000,0x00000000,0x00000000,0xFF0A0C10,0xFF272D37,0xFFE6E8EE,0xFFE6E8EE,
  0xFFE6E8EE,0xFFE6E8EE,0xFFE6E8EE,0xFFE6E8EE,0xFFE6E8EE,0xFFE6E8EE,0xFFE6E8EE,0xFFE6E8EE,0xFFE6E8EE,0xFFE6E8EE,0xFFE6E8EE,0xFFE6E8EE,
  0xFFE6E8EE,0xFFE8A87C,0xFFE8A87C,0xFFE8A87C,0xFFE8A87C,0xFFE8A87C,0xFF272D37,0xFF0A0C10,0x00000000,0x00000000,0x00000000,0x00000000,
  0x00000000,0x00000000,0x00000000,0x00000000,0x00000000,0xFF0A0C10,0xFFE6E8EE,0xFFE6E8EE,0xFFE6E8EE,0xFFE6E8EE,0xFFE6E8EE,0xFFE6E8EE,
  0xFFE6E8EE,0xFFE6E8EE,0xFFE6E8EE,0xFFE6E8EE,0xFFE6E8EE,0xFFE6E8EE,0xFFE6E8EE,0xFFE6E8EE,0xFFE6E8EE,0xFFE8A87C,0xFFE8A87C,0xFFE8A87C,
  0xFFE8A87C,0xFFE8A87C,0xFF0A0C10,0x00000000,0x00000000,0x00000000,0x00000000,0x00000000,0x00000000,0x00000000,0x00000000,0x00000000,
  0x00000000,0x00000000,0xFF0A0C10,0xFFE6E8EE,0xFFE6E8EE,0xFFE6E8EE,0xFF0A0C10,0xFF0A0C10,0xFFE6E8EE,0xFFE6E8EE,0xFFE6E8EE,0xFF0A0C10,
  0xFF0A0C10,0xFFE6E8EE,0xFFE6E8EE,0xFFE6E8EE,0xFF0A0C10,0xFF0A0C10,0xFFE8A87C,0xFFE8A87C,0xFFE8A87C,0xFF0A0C10,0x00000000,0x00000000,
  0x00000000,0x00000000,0x00000000,0x00000000,0x00000000,0x00000000,0x00000000,0x00000000,0x00000000,0x00000000,0x00000000,0x00000000,
  0x00000000,0x00000000,0x00000000,0x00000000,0x00000000,0x00000000,0x00000000,0x00000000,0x00000000,0x00000000,0x00000000,0x00000000,
  0x00000000,0x00000000,0x00000000,0x00000000,0x00000000,0x00000000,0x00000000,0x00000000,0x00000000,0x00000000,0x00000000,0x00000000,
  0x00000000,0x00000000,0x00000000,0x00000000,0x00000000,0x00000000,0x00000000,0x00000000,0x00000000,0x00000000,0x00000000,0x00000000,
  0x00000000,0x00000000,0x00000000,0x00000000,0x00000000,0x00000000,0x00000000,0x00000000,0x00000000,0x00000000,0x00000000,0x00000000,
  0x00000000,0x00000000,0x00000000,0x00000000,0x00000000,0x00000000,0x00000000,0x00000000,0x00000000,0x00000000,0x00000000,0x00000000,
  0x00000000,0x00000000,0x00000000,0x00000000,0x00000000,0x00000000,0x00000000,0x00000000,0x00000000,0x00000000,0x00000000,0x00000000,
  0x00000000,0x00000000,0x00000000,0x00000000,0x00000000,0x00000000,0x00000000,0x00000000,0x00000000,0x00000000,0x00000000,0x00000000,
  0x00000000,0x00000000,0x00000000,0x00000000,
};
const int icon_CALC_w = 32;
const int icon_CALC_h = 32;

const u32 icon_MONITOR_pixels[1024] = {
  0x00000000,0x00000000,0x00000000,0x00000000,0x00000000,0x00000000,0x00000000,0x00000000,0x00000000,0x00000000,0x00000000,0x00000000,
  0x00000000,0x00000000,0x00000000,0x00000000,0x00000000,0x00000000,0x00000000,0x00000000,0x00000000,0x00000000,0x00000000,0x00000000,
  0x00000000,0x00000000,0x00000000,0x00000000,0x00000000,0x00000000,0x00000000,0x00000000,0x00000000,0x00000000,0x00000000,0x00000000,
  0x00000000,0x00000000,0x00000000,0x00000000,0x00000000,0x00000000,0x00000000,0x00000000,0x00000000,0x00000000,0x00000000,0x00000000,
  0x00000000,0x00000000,0x00000000,0x00000000,0x00000000,0x00000000,0x00000000,0x00000000,0x00000000,0x00000000,0x00000000,0x00000000,
  0x00000000,0x00000000,0x00000000,0x00000000,0x00000000,0x00000000,0x00000000,0x00000000,0x00000000,0x00000000,0x00000000,0x00000000,
  0x00000000,0x00000000,0x00000000,0x00000000,0x00000000,0x00000000,0x00000000,0x00000000,0x00000000,0x00000000,0x00000000,0x00000000,
  0x00000000,0x00000000,0x00000000,0x00000000,0x00000000,0x00000000,0x00000000,0x00000000,0x00000000,0x00000000,0x00000000,0x00000000,
  0x00000000,0x00000000,0x00000000,0x00000000,0x00000000,0x00000000,0x00000000,0x00000000,0x00000000,0x00000000,0x00000000,0x00000000,
  0x00000000,0x00000000,0x00000000,0x00000000,0x00000000,0x00000000,0x00000000,0x00000000,0x00000000,0x00000000,0x00000000,0x00000000,
  0x00000000,0x00000000,0x00000000,0x00000000,0x00000000,0x00000000,0x00000000,0x00000000,0x00000000,0x00000000,0x00000000,0xFF272D37,
  0xFF272D37,0xFF272D37,0xFF272D37,0xFF272D37,0xFF272D37,0xFF272D37,0xFF272D37,0xFF272D37,0xFF272D37,0xFF272D37,0xFF272D37,0xFF272D37,
  0xFF272D37,0xFF272D37,0xFF272D37,0xFF272D37,0xFF272D37,0xFF272D37,0xFF272D37,0xFF272D37,0xFF272D37,0xFF272D37,0xFF272D37,0xFF272D37,
  0xFF272D37,0x00000000,0x00000000,0x00000000,0x00000000,0x00000000,0xFF272D37,0xFF0A0C10,0xFF0A0C10,0xFF0A0C10,0xFF0A0C10,0xFF0A0C10,
  0xFF0A0C10,0xFF0A0C10,0xFF0A0C10,0xFF0A0C10,0xFF0A0C10,0xFF0A0C10,0xFF0A0C10,0xFF0A0C10,0xFF0A0C10,0xFF0A0C10,0xFF0A0C10,0xFF0A0C10,
  0xFFE8A87C,0xFF0A0C10,0xFF0A0C10,0xFF0A0C10,0xFF0A0C10,0xFF0A0C10,0xFF0A0C10,0xFF0A0C10,0xFF0A0C10,0xFF272D37,0x00000000,0x00000000,
  0x00000000,0x00000000,0xFF272D37,0xFF0A0C10,0xFF0A0C10,0xFF0A0C10,0xFF0A0C10,0xFF0A0C10,0xFF0A0C10,0xFF0A0C10,0xFF0A0C10,0xFF0A0C10,
  0xFF0A0C10,0xFF0A0C10,0xFF0A0C10,0xFF0A0C10,0xFFE8A87C,0xFF0A0C10,0xFF0A0C10,0xFF0A0C10,0xFFE8A87C,0xFF0A0C10,0xFF0A0C10,0xFF0A0C10,
  0xFF0A0C10,0xFF0A0C10,0xFF0A0C10,0xFF0A0C10,0xFF0A0C10,0xFF272D37,0x00000000,0x00000000,0x00000000,0x00000000,0xFF272D37,0xFF0A0C10,
  0xFF0A0C10,0xFF0A0C10,0xFF0A0C10,0xFF0A0C10,0xFF0A0C10,0xFF0A0C10,0xFF0A0C10,0xFF0A0C10,0xFF0A0C10,0xFFE8A87C,0xFF0A0C10,0xFF0A0C10,
  0xFFE8A87C,0xFF0A0C10,0xFF0A0C10,0xFF0A0C10,0xFFE8A87C,0xFF0A0C10,0xFF0A0C10,0xFFE8A87C,0xFF0A0C10,0xFF0A0C10,0xFF0A0C10,0xFF0A0C10,
  0xFF0A0C10,0xFF272D37,0x00000000,0x00000000,0x00000000,0x00000000,0xFF272D37,0xFF0A0C10,0xFF0A0C10,0xFF0A0C10,0xFF0A0C10,0xFF0A0C10,
  0xFF0A0C10,0xFF0A0C10,0xFF0A0C10,0xFF0A0C10,0xFF0A0C10,0xFFE8A87C,0xFF0A0C10,0xFF0A0C10,0xFFE8A87C,0xFFE8A87C,0xFF0A0C10,0xFF0A0C10,
  0xFFE8A87C,0xFF0A0C10,0xFF0A0C10,0xFFE8A87C,0xFF0A0C10,0xFF0A0C10,0xFFE8A87C,0xFF0A0C10,0xFF0A0C10,0xFF272D37,0x00000000,0x00000000,
  0x00000000,0x00000000,0xFF272D37,0xFF0A0C10,0xFF0A0C10,0xFF0A0C10,0xFF0A0C10,0xFF0A0C10,0xFF0A0C10,0xFF0A0C10,0xFFE8A87C,0xFF0A0C10,
  0xFF0A0C10,0xFFE8A87C,0xFF0A0C10,0xFF0A0C10,0xFFE8A87C,0xFFE8A87C,0xFF0A0C10,0xFF0A0C10,0xFFE8A87C,0xFF0A0C10,0xFFE8A87C,0xFFE8A87C,
  0xFF0A0C10,0xFF0A0C10,0xFFE8A87C,0xFF0A0C10,0xFF0A0C10,0xFF272D37,0x00000000,0x00000000,0x00000000,0x00000000,0xFF272D37,0xFF0A0C10,
  0xFF0A0C10,0xFF0A0C10,0xFF0A0C10,0xFF0A0C10,0xFF0A0C10,0xFF0A0C10,0xFFE8A87C,0xFF0A0C10,0xFF0A0C10,0xFFE8A87C,0xFFE8A87C,0xFF0A0C10,
  0xFFE8A87C,0xFFE8A87C,0xFF0A0C10,0xFF0A0C10,0xFFE8A87C,0xFF0A0C10,0xFFE8A87C,0xFFE8A87C,0xFF0A0C10,0xFF0A0C10,0xFFE8A87C,0xFF0A0C10,
  0xFF0A0C10,0xFF272D37,0x00000000,0x00000000,0x00000000,0x00000000,0xFF272D37,0xFF0A0C10,0xFF0A0C10,0xFF0A0C10,0xFF0A0C10,0xFF0A0C10,
  0xFFE8A87C,0xFF0A0C10,0xFFE8A87C,0xFF0A0C10,0xFF0A0C10,0xFFE8A87C,0xFFE8A87C,0xFF0A0C10,0xFFE8A87C,0xFFE8A87C,0xFF0A0C10,0xFFE8A87C,
  0xFFE8A87C,0xFF0A0C10,0xFFE8A87C,0xFFE8A87C,0xFF0A0C10,0xFF0A0C10,0xFFE8A87C,0xFF0A0C10,0xFF0A0C10,0xFF272D37,0x00000000,0x00000000,
  0x00000000,0x00000000,0xFF272D37,0xFF0A0C10,0xFF0A0C10,0xFF0A0C10,0xFF0A0C10,0xFF0A0C10,0xFFE8A87C,0xFF0A0C10,0xFFE8A87C,0xFFE8A87C,
  0xFF0A0C10,0xFFE8A87C,0xFFE8A87C,0xFF0A0C10,0xFFE8A87C,0xFFE8A87C,0xFF0A0C10,0xFFE8A87C,0xFFE8A87C,0xFF0A0C10,0xFFE8A87C,0xFFE8A87C,
  0xFF0A0C10,0xFFE8A87C,0xFFE8A87C,0xFF0A0C10,0xFF0A0C10,0xFF272D37,0x00000000,0x00000000,0x00000000,0x00000000,0xFF272D37,0xFF0A0C10,
  0xFF0A0C10,0xFFE8A87C,0xFF0A0C10,0xFF0A0C10,0xFFE8A87C,0xFF0A0C10,0xFFE8A87C,0xFFE8A87C,0xFF0A0C10,0xFFE8A87C,0xFFE8A87C,0xFF0A0C10,
  0xFFE8A87C,0xFFE8A87C,0xFF0A0C10,0xFFE8A87C,0xFFE8A87C,0xFF0A0C10,0xFFE8A87C,0xFFE8A87C,0xFF0A0C10,0xFFE8A87C,0xFFE8A87C,0xFF0A0C10,
  0xFF0A0C10,0xFF272D37,0x00000000,0x00000000,0x00000000,0x00000000,0xFF272D37,0xFF0A0C10,0xFF0A0C10,0xFFE8A87C,0xFF0A0C10,0xFF0A0C10,
  0xFFE8A87C,0xFF0A0C10,0xFFE8A87C,0xFFE8A87C,0xFF0A0C10,0xFFE8A87C,0xFFE8A87C,0xFF0A0C10,0xFFE8A87C,0xFFE8A87C,0xFF0A0C10,0xFFE8A87C,
  0xFFE8A87C,0xFF0A0C10,0xFFE8A87C,0xFFE8A87C,0xFF0A0C10,0xFFE8A87C,0xFFE8A87C,0xFF0A0C10,0xFF0A0C10,0xFF272D37,0x00000000,0x00000000,
  0x00000000,0x00000000,0xFF272D37,0xFF0A0C10,0xFF0A0C10,0xFFE8A87C,0xFF0A0C10,0xFFE8A87C,0xFFE8A87C,0xFF0A0C10,0xFFE8A87C,0xFFE8A87C,
  0xFF0A0C10,0xFFE8A87C,0xFFE8A87C,0xFF0A0C10,0xFFE8A87C,0xFFE8A87C,0xFF0A0C10,0xFFE8A87C,0xFFE8A87C,0xFF0A0C10,0xFFE8A87C,0xFFE8A87C,
  0xFF0A0C10,0xFFE8A87C,0xFFE8A87C,0xFF0A0C10,0xFF0A0C10,0xFF272D37,0x00000000,0x00000000,0x00000000,0x00000000,0xFF272D37,0xFF0A0C10,
  0xFFE8A87C,0xFFE8A87C,0xFF0A0C10,0xFFE8A87C,0xFFE8A87C,0xFF0A0C10,0xFFE8A87C,0xFFE8A87C,0xFF0A0C10,0xFFE8A87C,0xFFE8A87C,0xFF0A0C10,
  0xFFE8A87C,0xFFE8A87C,0xFF0A0C10,0xFFE8A87C,0xFFE8A87C,0xFF0A0C10,0xFFE8A87C,0xFFE8A87C,0xFF0A0C10,0xFFE8A87C,0xFFE8A87C,0xFF0A0C10,
  0xFF0A0C10,0xFF272D37,0x00000000,0x00000000,0x00000000,0x00000000,0xFF272D37,0xFF0A0C10,0xFFE8A87C,0xFFE8A87C,0xFF0A0C10,0xFFE8A87C,
  0xFFE8A87C,0xFF0A0C10,0xFFE8A87C,0xFFE8A87C,0xFF0A0C10,0xFFE8A87C,0xFFE8A87C,0xFF0A0C10,0xFFE8A87C,0xFFE8A87C,0xFF0A0C10,0xFFE8A87C,
  0xFFE8A87C,0xFF0A0C10,0xFFE8A87C,0xFFE8A87C,0xFF0A0C10,0xFFE8A87C,0xFFE8A87C,0xFF0A0C10,0xFF0A0C10,0xFF272D37,0x00000000,0x00000000,
  0x00000000,0x00000000,0xFF272D37,0xFF0A0C10,0xFFE8A87C,0xFFE8A87C,0xFF0A0C10,0xFFE8A87C,0xFFE8A87C,0xFF0A0C10,0xFFE8A87C,0xFFE8A87C,
  0xFF0A0C10,0xFFE8A87C,0xFFE8A87C,0xFF0A0C10,0xFFE8A87C,0xFFE8A87C,0xFF0A0C10,0xFFE8A87C,0xFFE8A87C,0xFF0A0C10,0xFFE8A87C,0xFFE8A87C,
  0xFF0A0C10,0xFFE8A87C,0xFFE8A87C,0xFF0A0C10,0xFF0A0C10,0xFF272D37,0x00000000,0x00000000,0x00000000,0x00000000,0xFF272D37,0xFF0A0C10,
  0xFFE8A87C,0xFFE8A87C,0xFF0A0C10,0xFFE8A87C,0xFFE8A87C,0xFF0A0C10,0xFFE8A87C,0xFFE8A87C,0xFF0A0C10,0xFFE8A87C,0xFFE8A87C,0xFF0A0C10,
  0xFFE8A87C,0xFFE8A87C,0xFF0A0C10,0xFFE8A87C,0xFFE8A87C,0xFF0A0C10,0xFFE8A87C,0xFFE8A87C,0xFF0A0C10,0xFFE8A87C,0xFFE8A87C,0xFF0A0C10,
  0xFF0A0C10,0xFF272D37,0x00000000,0x00000000,0x00000000,0x00000000,0xFF272D37,0xFFB07A55,0xFFB07A55,0xFFB07A55,0xFFB07A55,0xFFB07A55,
  0xFFB07A55,0xFFB07A55,0xFFB07A55,0xFFB07A55,0xFFB07A55,0xFFB07A55,0xFFB07A55,0xFFB07A55,0xFFB07A55,0xFFB07A55,0xFFB07A55,0xFFB07A55,
  0xFFB07A55,0xFFB07A55,0xFFB07A55,0xFFB07A55,0xFFB07A55,0xFFB07A55,0xFFB07A55,0xFFB07A55,0xFFB07A55,0xFF272D37,0x00000000,0x00000000,
  0x00000000,0x00000000,0xFF272D37,0xFF0A0C10,0xFF0A0C10,0xFF0A0C10,0xFF0A0C10,0xFF0A0C10,0xFF0A0C10,0xFF0A0C10,0xFF0A0C10,0xFF0A0C10,
  0xFF0A0C10,0xFF0A0C10,0xFF0A0C10,0xFF0A0C10,0xFF0A0C10,0xFF0A0C10,0xFF0A0C10,0xFF0A0C10,0xFF0A0C10,0xFF0A0C10,0xFF0A0C10,0xFF0A0C10,
  0xFF0A0C10,0xFF0A0C10,0xFF0A0C10,0xFF0A0C10,0xFF0A0C10,0xFF272D37,0x00000000,0x00000000,0x00000000,0x00000000,0x00000000,0xFF272D37,
  0xFF272D37,0xFF272D37,0xFF272D37,0xFF272D37,0xFF272D37,0xFF272D37,0xFF272D37,0xFF272D37,0xFF272D37,0xFF0A0C10,0xFF0A0C10,0xFF0A0C10,
  0xFF0A0C10,0xFF0A0C10,0xFF0A0C10,0xFF272D37,0xFF272D37,0xFF272D37,0xFF272D37,0xFF272D37,0xFF272D37,0xFF272D37,0xFF272D37,0xFF272D37,
  0xFF272D37,0x00000000,0x00000000,0x00000000,0x00000000,0x00000000,0x00000000,0x00000000,0x00000000,0x00000000,0x00000000,0x00000000,
  0x00000000,0x00000000,0x00000000,0x00000000,0x00000000,0xFF0A0C10,0xFF272D37,0xFF272D37,0xFF272D37,0xFF272D37,0xFF0A0C10,0x00000000,
  0x00000000,0x00000000,0x00000000,0x00000000,0x00000000,0x00000000,0x00000000,0x00000000,0x00000000,0x00000000,0x00000000,0x00000000,
  0x00000000,0x00000000,0x00000000,0x00000000,0x00000000,0x00000000,0x00000000,0x00000000,0x00000000,0x00000000,0x00000000,0x00000000,
  0x00000000,0xFF0A0C10,0xFF272D37,0xFF272D37,0xFF272D37,0xFF272D37,0xFF0A0C10,0x00000000,0x00000000,0x00000000,0x00000000,0x00000000,
  0x00000000,0x00000000,0x00000000,0x00000000,0x00000000,0x00000000,0x00000000,0x00000000,0x00000000,0x00000000,0x00000000,0x00000000,
  0x00000000,0x00000000,0x00000000,0x00000000,0x00000000,0x00000000,0x00000000,0x00000000,0x00000000,0xFF0A0C10,0xFF272D37,0xFF272D37,
  0xFF272D37,0xFF272D37,0xFF0A0C10,0x00000000,0x00000000,0x00000000,0x00000000,0x00000000,0x00000000,0x00000000,0x00000000,0x00000000,
  0x00000000,0x00000000,0x00000000,0x00000000,0x00000000,0x00000000,0x00000000,0x00000000,0x00000000,0x00000000,0x00000000,0x00000000,
  0x00000000,0x00000000,0x00000000,0x00000000,0x00000000,0xFF0A0C10,0xFF0A0C10,0xFF0A0C10,0xFF0A0C10,0xFF0A0C10,0xFF0A0C10,0x00000000,
  0x00000000,0x00000000,0x00000000,0x00000000,0x00000000,0x00000000,0x00000000,0x00000000,0x00000000,0x00000000,0x00000000,0x00000000,
  0x00000000,0x00000000,0x00000000,0x00000000,0x00000000,0x00000000,0x00000000,0x00000000,0x00000000,0x00000000,0x00000000,0x00000000,
  0x00000000,0x00000000,0x00000000,0x00000000,0x00000000,0x00000000,0x00000000,0x00000000,0x00000000,0x00000000,0x00000000,0x00000000,
  0x00000000,0x00000000,0x00000000,0x00000000,0x00000000,0x00000000,0x00000000,0x00000000,0x00000000,0x00000000,0x00000000,0x00000000,
  0x00000000,0x00000000,0x00000000,0xFF272D37,0xFF272D37,0xFF272D37,0xFF272D37,0xFF272D37,0xFF272D37,0xFF272D37,0xFF272D37,0xFF272D37,
  0xFF272D37,0xFF272D37,0xFF272D37,0xFF272D37,0xFF272D37,0xFF272D37,0xFF272D37,0xFF272D37,0xFF272D37,0x00000000,0x00000000,0x00000000,
  0x00000000,0x00000000,0x00000000,0x00000000,0x00000000,0x00000000,0x00000000,0x00000000,0x00000000,0x00000000,0x00000000,0xFF272D37,
  0xFF272D37,0xFF272D37,0xFF272D37,0xFF272D37,0xFF272D37,0xFF272D37,0xFF272D37,0xFF272D37,0xFF272D37,0xFF272D37,0xFF272D37,0xFF272D37,
  0xFF272D37,0xFF272D37,0xFF272D37,0xFF272D37,0xFF272D37,0x00000000,0x00000000,0x00000000,0x00000000,0x00000000,0x00000000,0x00000000,
  0x00000000,0x00000000,0x00000000,0x00000000,0x00000000,0x00000000,0x00000000,0x00000000,0x00000000,0x00000000,0x00000000,0x00000000,
  0x00000000,0x00000000,0x00000000,0x00000000,0x00000000,0x00000000,0x00000000,0x00000000,0x00000000,0x00000000,0x00000000,0x00000000,
  0x00000000,0x00000000,0x00000000,0x00000000,0x00000000,0x00000000,0x00000000,0x00000000,0x00000000,0x00000000,0x00000000,0x00000000,
  0x00000000,0x00000000,0x00000000,0x00000000,0x00000000,0x00000000,0x00000000,0x00000000,0x00000000,0x00000000,0x00000000,0x00000000,
  0x00000000,0x00000000,0x00000000,0x00000000,0x00000000,0x00000000,0x00000000,0x00000000,0x00000000,0x00000000,0x00000000,0x00000000,
  0x00000000,0x00000000,0x00000000,0x00000000,
};
const int icon_MONITOR_w = 32;
const int icon_MONITOR_h = 32;

typedef struct { const u32 *px; int w; int h; } icon_asset_t;
const icon_asset_t yart_icons[] = {
  { icon_FILES_pixels, icon_FILES_w, icon_FILES_h },
  { icon_TERM_pixels, icon_TERM_w, icon_TERM_h },
  { icon_EDITOR_pixels, icon_EDITOR_w, icon_EDITOR_h },
  { icon_CLOCK_pixels, icon_CLOCK_w, icon_CLOCK_h },
  { icon_INFO_pixels, icon_INFO_w, icon_INFO_h },
  { icon_FOLDER_pixels, icon_FOLDER_w, icon_FOLDER_h },
  { icon_FILE_pixels, icon_FILE_w, icon_FILE_h },
  { icon_HOME_pixels, icon_HOME_w, icon_HOME_h },
  { icon_CONFIG_pixels, icon_CONFIG_w, icon_CONFIG_h },
  { icon_DRAWER_pixels, icon_DRAWER_w, icon_DRAWER_h },
  { icon_CALC_pixels, icon_CALC_w, icon_CALC_h },
  { icon_MONITOR_pixels, icon_MONITOR_w, icon_MONITOR_h },
};
const int yart_icons_count = 12;
